이름,링크,상세정보
1인용 게임 (Solo / Solitaire Game),https://www.divedice.net/kor/board/wiki?viewMode=view&ca=%EB%A9%94%EC%BB%A4%EB%8B%88%EC%A6%98&sel_search=&txt_search=&orderby=&page=1&idx=1018,"혼자 게임을 하도록 설계된 게임이거나, 그러한 게임 모드를 포함한 게임을 말합니다. 
원래 2인 이상 게임이나, 플레이어가 실력을 향상시키기 위해 두개 이상의 진영을 플레이할 수 있는 게임은 이에 포함되지 않습니다(보통 전쟁 게임 플레이어나 체스 플레이어들 중에 이러한 경우가 많습니다). "
1회용 능력 (Once-Per-Game Abilities),https://www.divedice.net/kor/board/wiki?viewMode=view&ca=%EB%A9%94%EC%BB%A4%EB%8B%88%EC%A6%98&sel_search=&txt_search=&orderby=&page=1&idx=972,"플레이어들은 게임에서 한 번 사용할 수 있는 특수 능력을 가집니다. 
이는 Warmachine의 'feats'처럼 플레이어들의 고유 능력이거나, Finca에서의 특별 전표처럼 모든 플레이어들이 공통적으로 쓸 수 있는 능력입니다. 
종종 플레이어들은 게임 중 이 능력을 사용하지 않았다면 추가 승점을 받을 수도 있습니다. "
3차원 이동 (Three Dimensional Movement),https://www.divedice.net/kor/board/wiki?viewMode=view&ca=%EB%A9%94%EC%BB%A4%EB%8B%88%EC%A6%98&sel_search=&txt_search=&orderby=&page=1&idx=1032,"게임말의 위치 및 이동이 3차원 공간에서 이루어집니다. 다층 게임 공간이나 평면(2차원) 게임 공간의 위 또는 아래에 높이를 표시하는 표시말이나 토큰 등으로 표현됩니다. 
예시 게임으로는 Chopper Strike가 있습니다. 이 게임은 물리적으로 헬리콥터나 탱크가 이동하는 2층 구조를 가집니다. 다른 예인 Attack Vector: Tactical은 게임판 표면에 높이를 보여주는 타일을 가지고 있습니다. "
가변적 단계 순서 (Variable Phase Order),https://www.divedice.net/kor/board/wiki?viewMode=view&ca=%EB%A9%94%EC%BB%A4%EB%8B%88%EC%A6%98&sel_search=&txt_search=&orderby=&page=1&idx=1042,"가변적 단계 순서는 차례가 이전 또는 이후와 같은 방법으로 진행되지 않을 수 있다는 것을 의미합니다. 
푸에르토 리코에서 대표적으로 이 방법을 사용합니다. 매 차례는 서로 다릅니다. 누가 어떤 역할을 선택하기 시작하는지, 어떤 역할을 맡는지에 따라, 여러분은 ""건설"" 행동을 원하는 것보다 더 빨리 수행해야 할 수도 있습니다. 어떤 게임에서는, 특정 행동을 수행하는 것이 거부될 수도 있습니다. 
행동이 제한되고 게임의 차례 순서가 정해져있지 않은 대부분의 게임은 이 메커니즘에 해당합니다만, 단순히 차례 순서가 변한다고 이 메커니즘 게임인 것은 아닙니다.  "
가변적 준비 (Variable Set-up),https://www.divedice.net/kor/board/wiki?viewMode=view&ca=%EB%A9%94%EC%BB%A4%EB%8B%88%EC%A6%98&sel_search=&txt_search=&orderby=&page=1&idx=1044,"게임 시작 상황이 매 게임마다 바뀝니다. 지도같은 공용 게임 구성물을 바꾸거나, 자원이나 목표같은 플레이어들의 시작 구성 등이 바뀔 수 있습니다."
가변적 플레이어 능력 (Variable Player Powers),https://www.divedice.net/kor/board/wiki?viewMode=view&ca=%EB%A9%94%EC%BB%A4%EB%8B%88%EC%A6%98&sel_search=&txt_search=&orderby=&page=1&idx=1043,"각 플레이어들은 각자 자신만 사용할 수 있거나, 기본 행동을 개선할 수 있는 특별한 행동을 가집니다.  "
가위바위보 (Rock-Paper-Scissors),https://www.divedice.net/kor/board/wiki?viewMode=view&ca=%EB%A9%94%EC%BB%A4%EB%8B%88%EC%A6%98&sel_search=&txt_search=&orderby=&page=1&idx=1002,"3가지 선택지가 있습니다. 3가지는 순환적으로 상성 우위를 가집니다(A가 B를 이기고, B가 C를 이기고, C는 A를 이깁니다). 
이 이름은 아이들이 자주 즐기는 놀이에서 따 왔습니다. 이 게임에서 
가위는 보자기를 자르고
보자기는 바위를 감싸고
바위는 가위를 망가뜨립니다. 
하지만 순환하는 메커니즘이 있는 모든 게임을 가리킬 수 있습니다. "
가장 높은 최솟값 점수 (Highest-Lowest Scoring),https://www.divedice.net/kor/board/wiki?viewMode=view&ca=%EB%A9%94%EC%BB%A4%EB%8B%88%EC%A6%98&sel_search=&txt_search=&orderby=&page=1&idx=933," 플레이어의 점수는 여러 카테고리에서 가장 낮은 값이 됩니다. 누구든 가장 높은 최솟값을 가진 플레이어가 게임에서 승리합니다. 
이 시스템은 보통 크니치아(Knizia) 작가의 점수 방식으로 알려져 있습니다. 이 메커니즘을 일찍이 활용한 예로는 티그리스 & 유프라테스가 있습니다. 이 게임에서 플레이어는 서로 다른 4가지 색깔(빨간색, 초록색, 파란색, 노란색)의 큐브를 모으고 가장 큐브의 수가 적은 색깔이 점수가 됩니다. 한 플레이어가 빨간색 12개, 초록색 10개, 파란색 6개, 노란색 2개를 가지고 있다면 이 플레이어의 최종 점수는 2점입니다. 이 메커니즘은 플레이어가 특정 큐브만 집중적으로 모으지 않도록 만듭니다. 가장 높은 최솟값 점수는 완성한 세트만 점수로 계산되는 ""세트 모으기(Set Collection)"" 중 특별한 경우입니다.
  참조 : 세트모으기(Set Collection)"
감싸기 (Enclosure),https://www.divedice.net/kor/board/wiki?viewMode=view&ca=%EB%A9%94%EC%BB%A4%EB%8B%88%EC%A6%98&sel_search=&txt_search=&orderby=&page=1&idx=918,"영역 감싸기 게임에서 플레이어들은 일정 영역을 둘러싸기 위해 자신이 가진 구성물을 놓거나 이동시킵니다. 영역 감싸기로 가장 오래되고 유명한 게임이라면 단연코 바둑이겠으나, 굳이 거기까지 가지 않더라도 이에 해당하는 게임은 많습니다.
영역 감싸기는 ""지역 우선권 / 영향력(Area Majority / Influence)""과는 다릅니다. 영역 감싸기에서는 플레이어들이 게임을 하는 동안 구획이 나누어진 게임판에서 실제로 특정 영역을 만들어내는 반면, ""지역 우선권 / 영향력(Area Majority / Influence)"" 게임에서는 각 지역이 이미 만들어져 있고 플레이어들은 그 지역에 대한 통제권을 놓고 경쟁합니다."
강제 입찰 (Constrained Bidding),https://www.divedice.net/kor/board/wiki?viewMode=view&ca=%EB%A9%94%EC%BB%A4%EB%8B%88%EC%A6%98&sel_search=&txt_search=&orderby=&page=1&idx=903,"""강제 입찰""은 다른 경매 유형에 적용될 수 있는 메타-메커니즘입니다. 이 방식에서는 플레이어가 원하는 금액으로 자유롭게 입찰을 할 수 없습니다. 이러한 유형에는 플레이어가 더 높은 금액을 불러야만 하거나, 특정 조합으로 주어진 자원으로만 입찰해야 하는 등이 있습니다.
예를 들어 태앙신 라에서는 플레이어들이 각자 주어진 3개의 입찰 타일 중 하나를 골라서 입찰을 해야 하며, 하이 소사이어티에서는 각자 손에 든 돈 카드를 추가로 내서 입찰 금액을 올려야만 하고 원하는 대로 입찰 금액을 바꾸는 것은 금지됩니다."
거래 (Trading),https://www.divedice.net/kor/board/wiki?viewMode=view&ca=%EB%A9%94%EC%BB%A4%EB%8B%88%EC%A6%98&sel_search=&txt_search=&orderby=&page=1&idx=980,이런 게임에서 플레이어들은 시장 등을 통하는 게 아니라 직접적으로 자산을 거래합니다. 
게임 종료 보너스 (End Game Bonuses),https://www.divedice.net/kor/board/wiki?viewMode=view&ca=%EB%A9%94%EC%BB%A4%EB%8B%88%EC%A6%98&sel_search=&txt_search=&orderby=&page=1&idx=919,게임 종료 보너스 게임은 게임이 종료될 때 플레이어들이 추가 점수를 얻는(또는 잃기도 하는!) 게임입니다.
게임말 동시 이동 (Moving Multiple Units),https://www.divedice.net/kor/board/wiki?viewMode=view&ca=%EB%A9%94%EC%BB%A4%EB%8B%88%EC%A6%98&sel_search=&txt_search=&orderby=&page=1&idx=966,"하나 이상의 게임말을 움직이는 행동입니다.
이 메커니즘은 라는 게임에서 처음 선보였습니다. 이 게임에서 플레이어는 우승할 것으로 예상되는 자동차를 골라 돈을 걸어 우승시키게 됩니다. 하지만, 게임에서 자동차를 움직이기 위해 사용해야 하는 카드는 여러 개의 자동차를 동시에 움직이게 합니다. 이에 따라 플레이어는 자신이 우승을 예측한 자동차에게 최대한 유리하면서 다른 자동차는 최대한 덜 움직이게끔 카드를 사용하게 됩니다."
겹쳐 놓기 (Layering),https://www.divedice.net/kor/board/wiki?viewMode=view&ca=%EB%A9%94%EC%BB%A4%EB%8B%88%EC%A6%98&sel_search=&txt_search=&orderby=&page=1&idx=945,"겹쳐 놓기 메커니즘은 구성물 위에 다른 구성물을 포개어 올려 놓는 방식을 의미합니다. 구성물은 다양한 방식으로 겹쳐 놓을 수 있습니다. 구성물이 서로 겹쳐져 있다면, 가장 위에 있어 아무 것에도 가려지지 않은 아이콘이나 영역만 활성화된 것입니다.
겹쳐 놓기 메커니즘은 Patchistory나 Smartphone Inc. 같은 게임에서 찾아볼 수 있습니다."
경로와 네트워크 건설 (Network and Route Building),https://www.divedice.net/kor/board/wiki?viewMode=view&ca=%EB%A9%94%EC%BB%A4%EB%8B%88%EC%A6%98&sel_search=&txt_search=&orderby=&page=1&idx=971,"이 메커니즘 게임은 목적지 사이의 경로로 표현되는 연결된 경로와 교차점의 개발을 담고 있습니다. 이 메커니즘은 단순히 점수를 매기는 것 이상으로, 특별한 행동을 유발하거나 유지비를 요구하는 등의 게임 내 효과를 제공한다는 점에서 ""연결(Connections)"" 메커니즘과는 다릅니다. 
이 시스템은 다양하게 구현되었는데, 가장 많은 형태는 기차 테마 게임입니다. 1830: Railways & Robber Barons은 인쇄된 트랙이 있는 타일을 사용합니다. Empire Builder는 지도에 크레용이나 화이트보드용 마커로 지도에 선을 그립니다. '파워 그리드'에서는 네트워크를 건설함으로써 경제적 효과를 얻습니다. Hansa Teutonica는 거래 네트워크의 연결을 완성하면 보너스 효과를 발생시킵니다. "
경매 / 입찰 (Auction / Bidding),https://www.divedice.net/kor/board/wiki?viewMode=view&ca=%EB%A9%94%EC%BB%A4%EB%8B%88%EC%A6%98&sel_search=&txt_search=&orderby=&page=1&idx=877,"이 메커니즘 게임에서 플레이어들은 게임 내에서 자신의 위치를 강화하기 위해, 상품 경매에서 나온 물품에 대해 보통 (게임) 화폐를 통해 입찰합니다. 이러한 상품들은 플레이어들이 미래에 할 행동이나 현재 위치를 강화하는데 사용됩니다. 경매는 주어진 항목에 대해 한 명의 승자가 등장할 때까지 입찰을 차례대로 주고 받은 다음 승자에게 해당 물품의 조종권을 주는 것으로 구성됩니다. 보통, 이런 게임에는 어떤 플레이어도 현재 가격에 관심을 갖지 않는 물품이 있을 경우 그 물품의 가격을 떨어뜨리는 규칙이 있습니다. 대부분의 게임에서 한 물품에 대한 승자가 탄생했고, 입찰할 물품이 추가로 있는 경우, 다른 아이템들에 대한 추가적인 경매가 시행됩니다. 이 과정을 경매 단계 내에서 어떤 종료 조건이 발동되거나, 모든 물품이 고갈될 때까지 반복합니다. 이는 일꾼 놓기 게임과 유사합니다. 그러나 이 메커니즘에서는 일꾼이 더 높은 입찰에 의해 쫓겨날 수 있습니다. 
예를 들어 파워 그리드에서 플레이어들은 발전소 없이 게임을 시작하고 전기를 생산하기 위해 반드시 입찰을 이겨야만 합니다. 주어진 발전소에 대한 입찰을 승리하는 것은 해당 플레이어가 그 발전소를 자신의 발전소 칸에 놓고 주어진 차례에 더 많은 전기를 생산할 수 있도록 합니다.  Vegas Showdown에서 플레이어들은 더 크고 고급스러우며 가치있는 호텔을 짓기 위해 슬롯 머신이나 레스토랑 같은 공간에 대해 입찰합니다. 승리한 플레이어는 경매에 의해 매겨진 금액을 지불하고 해당 공간을 자신의 호텔에 놓습니다. 이 두 예시에서 모두, 입찰은 차례 단위로 이루어지며, 플레이어는 자신의 차례에 입찰을 포기할 수도 있습니다. "
경매 : 고정 위치 (Auction : Fixed Placement),https://www.divedice.net/kor/board/wiki?viewMode=view&ca=%EB%A9%94%EC%BB%A4%EB%8B%88%EC%A6%98&sel_search=&txt_search=&orderby=&page=1&idx=882,"고정 위치 경매는 플레이어들이 어떤 물품에 입찰할 수 있는지에 대한 규칙을 만들고 판 또는 카드로 이를 표현함으로써 다중 입찰 경매를 변형한 상위 메커니즘입니다. 이 방식은 또한 한정 금액 경매와 종종 결합됩니다. 고정 위치 경매는 모든 플레이어가 패스하거나, 어떤 플레이어도 더 이상 입찰할 수 있는 권한이 없을 때 끝납니다. 가장 높게 입찰한 사람이 물품을 얻습니다. 
이 메커니즘의 좋은 예로 아문레와 Vegas Showdown이 있습니다. 이 게임들에는 경매 물품을 위한 트랙이 있습니다. 각 플레이어들은 관심있는 물품의, 원하는 가격에 마커를 둡니다. 다른 플레이어가 그 물품에 입찰하고 싶다면, 그 플레이어는 자신의 마커를 해당 물품 트랙의 현재 가격보다 더 높은 가격 칸에 놓아야 합니다. 이렇게 밀려난 플레이어는 자신의 마커를 회수하고, 다음 자신의 차례에 해당 칸의 더 높은 가격 칸에 놓거나, 아니면 다른 칸에 마커를 놓을 수 있습니다. 
모든 플레이어가 자신의 마커를 놓았다면, 입찰이 해결됩니다. "
경매 : 네덜란드식 (Auction : Dutch),https://www.divedice.net/kor/board/wiki?viewMode=view&ca=%EB%A9%94%EC%BB%A4%EB%8B%88%EC%A6%98&sel_search=&txt_search=&orderby=&page=1&idx=879,"동시다발적인 단일 입찰제로, 시작 가격은 매우 높은 가격으로 시작해서 경매 참가자나 다른 조정 메커니즘에 의해 점점 가격이 줄어들다가, 누군가가 현재 가격에 합의를 선언할 때까지 진행하고, 경매가 종료됩니다. 현재 가격을 받아들인 최초 입찰자가 경매의 승자가 됩니다. 동점자는 없습니다. 네덜란드식 경매는 1회 입찰 경매로도 불립니다. 첫 입찰이 해당 경매의 유일한 입찰이 되기 때문입니다. 
이 메커니즘을 가장 순수하게 구현한 게임은 Merchants of Amsterdam입니다. 이 게임은 점진적으로 누군가가 때려서 경매를 승리할 때까지 가격을 줄이는 용수철 장전 메커니즘을 채용했습니다. 
이 카테고리는 물품이 트랙에서 점점 미끄러져 내려가며, 그에 따라 가격 역시 줄어드는 메커니즘도 포함하고 있습니다. Through the Ages: A Story of Civilization와 같은 게임에서의 카드 드래프팅이 이 메커니즘의 일반적인 모습입니다. 조금 다르지만 논리적으로 동일한 과정으로는 선택 받지 못한 자원의 가치 상승 (Increase Value of Unchosen Resources)가 있습니다. "
경매 : 네덜란드식 우선권 (Auction : Dutch Priority),https://www.divedice.net/kor/board/wiki?viewMode=view&ca=%EB%A9%94%EC%BB%A4%EB%8B%88%EC%A6%98&sel_search=&txt_search=&orderby=&page=1&idx=880,"네덜란드식 우선권 경매는 다중 입찰 경매로, 경매에 올라간 품목의 수에 따라 품목의 가격이 결정되는 경매입니다. 경매에서 승리한 입찰자는 선 플레이어로, 현재 그곳에 놓인 입찰 토큰의 숫자와 동일한 현재 가격을 지불할 것인지 결정할 수 있는 우선권을 가집니다. 우선권은 다양한 요인에 따라 결정되는데, 일반적인 차례 순서에 따라 결정되거나, 각 품목별 별도 차례순서에 따라 결정될 수 있습니다. 플레이어들은 자신이 우선 입찰자일때, 보통 입찰 토큰의 수를 줄이기 위해 차례를 넘길 수도 있습니다. 이는 한 품목에 대한 가격을 낮추는 효과가 있습니다.
The Speicherstadt는 이 메커니즘을 대표하는 게임입니다. 이 게임에서 플레이어들은 차례 순서에 따라 경매에 올라온 다양한 품목 앞에 미플을 놓습니다. 모든 미플을 놓은 후 각 물품의 가격이 매겨집니다. 해당 항목에 가장 먼저 미플을 놓은 플레이어가 먼저 구매할 수 있지만, 그 칸에 놓인 미플 수만큼의 금액을 내야합니다. 그 플레이어가 구매할 수 없거나 구매하지 않는다면, 그 플레이어는 미플을 되돌리고 다음 입찰자가 구매할 수 있는데, $1 싸게 구매할 수 있습니다. 
이는 간단한 시스템이지만, 플레이어들에게 벼랑끝전술과 카운터 플레이의 기회를 열어줍니다. "
경매 : 비밀 입찰 (Auction : Sealed Bid),https://www.divedice.net/kor/board/wiki?viewMode=view&ca=%EB%A9%94%EC%BB%A4%EB%8B%88%EC%A6%98&sel_search=&txt_search=&orderby=&page=1&idx=884,"플레이어들은 비밀리에 경매에 입찰합니다. 모든 입찰금액은 동시에 공개됩니다. 가장 높은 금액을 입찰한 사람이 승리합니다. 
이 경매 방식에서는 보통 최고 입찰자가 여럿일 때 이를 결정하는 규칙이 필요합니다. 일반적인 방법들로는 시작 플레이어에 가까운 사람으로 정하거나, 동점인 사람들끼리 재경매를 하는 방법이 있습니다. 
이 방식의 변형으로 무효화 비밀 경매라 불리는 방식이 있습니다. 이 경우에는 둘 이상의 플레이어가 같은 금액으로 가장 높은 금액을 입찰했을 경우, 두 플레이어 모두의 입찰이 무효화되고 경매에서 제외됩니다. 같은 금액을 입찰하지 않은 사람들 중에서 가장 높은 금액을 입찰한 사람이 승자가 됩니다. 이 방식은 제한적 입찰과 함께 사용하여 동점 가능성을 높이는 것이 가장 좋은데, 독수리 눈치싸움이라는 게임에서 처음 사용되었습니다(독일어 게임명이 Hol's Der Geier라서, ""Hol's Der Geier 메커니즘""이라고 부릅니다)."
경매 : 손재주 (Auction : Dexterity),https://www.divedice.net/kor/board/wiki?viewMode=view&ca=%EB%A9%94%EC%BB%A4%EB%8B%88%EC%A6%98&sel_search=&txt_search=&orderby=&page=1&idx=878,"손재주 경매 게임에서 유효한 입찰을 제시하려면 특정한 손재주 행위를 수행해야 합니다. 보통 어떤 유효한 입찰 지역에 입찰 마커 자체를 배치하지만, 이를 구현하기 위한 다른 방법이 사용될 수도 있습니다. 
예를 들어,  Going, Going, GONE! 에서 플레이어들은 자신의 입찰을 표현하기 위해 실시간으로 자신의 토큰을 컵에 넣어야 합니다. "
경매 : 영국식 (Auction : English),https://www.divedice.net/kor/board/wiki?viewMode=view&ca=%EB%A9%94%EC%BB%A4%EB%8B%88%EC%A6%98&sel_search=&txt_search=&orderby=&page=1&idx=881,"경매인은 일정 양의 입찰 금액을 요구하고 참가자들은 패들이나 손을 들어 해당 금액을 입찰함으로써 자신의 의지를 표현합니다. 플레이어들은 금액을 올려 입찰할 수 있고, 보통 자신의 실제 입찰 금액을 크게 소리높여 부름으로써 이를 표현합니다. 이 과정은 순서 없이 진행되고, 보통 경매인이 요구한 금액보다 소액을 높이거나, 훨씬 큰 금액을 부름으로써 진행됩니다. 어느 정도 금액에 도달해 일정 시간동안 인상이 없거나, 누구도 더 부를 사람이 없는 것이 명확한 경우, 경매인이 가장 높은 금액을 부른 플레이어를 승자로 선언하면서 경매가 끝납니다. "
경매 : 입찰 포기 전까지 차례 순서대로 입찰 (Auction : Turn Order Until Pass),https://www.divedice.net/kor/board/wiki?viewMode=view&ca=%EB%A9%94%EC%BB%A4%EB%8B%88%EC%A6%98&sel_search=&txt_search=&orderby=&page=1&idx=885,"한 플레이어부터 시작해 차례 순서대로, 플레이어들은 돌아가며 현재 입찰가보다 더 높은 금액을 부르거나 입찰을 포기합니다. 한 플레이어를 제외한 모두가 입찰에 포기하면, 마지막으로 남은 그 한 사람이 이번 경매의 승자가 됩니다.
본 메커니즘에서 기본적으로 한 번 경매를 포기한 플레이어는 그 경매에 다시 참여할 수 없습니다. 하지만 재참가를 허용하게 하는 규칙을 채용한 게임도 그리 드물지는 않습니다."
경매 : 한 바퀴 (Auction : Once Around),https://www.divedice.net/kor/board/wiki?viewMode=view&ca=%EB%A9%94%EC%BB%A4%EB%8B%88%EC%A6%98&sel_search=&txt_search=&orderby=&page=1&idx=883,"플레이어들은 한 번의 입찰 기회가 있습니다. 이 때 패스하거나, 이전 입찰보다 더 높은 가격을 부릅니다. 입찰 순서는 차례 순서 구조에 따라서 결정됩니다. 마지막 플레이어까지 입찰 기회를 가진 후, 가장 높은 금액을 부른 사람이 승리합니다. 
이 방식은 경매를 매우 짧게 해주지만(경매를 게임에 포함하는 것은 보통 게임 시간을 길게 만들기 때문에 위험합니다), 경매에서 승리하려면 얼마가 필요한지 알 수 있기 때문에 마지막 플레이어가 입찰에 매우 유리합니다. 따라서 디자이너는 필연적으로 밸런스에 신경을 많이 써야합니다. 
Modern Art와 Medici에 이 방식 경매의 예시가 포함되어 있습니다. "
경주 (Race),https://www.divedice.net/kor/board/wiki?viewMode=view&ca=%EB%A9%94%EC%BB%A4%EB%8B%88%EC%A6%98&sel_search=&txt_search=&orderby=&page=1&idx=995,"먼저 핵심 목표를 달성한 첫 플레이어가 승리합니다. 보통 트랙의 끝에 다다른 첫 플레이어를 승자로 삼는 것으로 표현되는데, 고정된 목표을 가진 게임이라면 어떤 종류든지 경주 메커니즘 게임으로서 자격이 있습니다. 예를 들어, 어떤 플레이어가 10점에 도달하기 위해 경주하는 카탄도 경주 메커니즘 게임의 예시입니다. "
계약 (Contracts),https://www.divedice.net/kor/board/wiki?viewMode=view&ca=%EB%A9%94%EC%BB%A4%EB%8B%88%EC%A6%98&sel_search=&txt_search=&orderby=&page=1&idx=904,"플레이어들은 보상을 얻기 위해 계약을 완수해야 합니다. 이러한 계약은 대개 단순히 무엇을 제일 먼저 하는 것으로 끝나기보다는 치밀한 계획과 조정을 요구하는 특별한 목표라는 형태를 취합니다. 계약은 모든 플레이어가 달성을 경쟁하는 공공 목표일 수도, 또는 각자에게 주어지며 해당 플레이어만 달성 가능한 개인 목표일 수도 있습니다.
계약은 많은 경우 Set Collection 메커니즘의 변종 형태를 띱니다. 예컨대 마르코 폴로에서는 계약이 특정 종류의 자원 묶음을 임의로 지정하고, 이를 지불하면 계약에 지정된 특정 보상을 얻을 수 있습니다. Pick-up and Deliver 메커니즘은 주로 철도 게임에서 흔히 등장하는 계약의 한 특별한 형태로, 이런 게임의 대표작으로는 Empire Builder를 꼽을 수 있습니다."
공개 드래프트 (Card Drafting),https://www.divedice.net/kor/board/wiki?viewMode=view&ca=%EB%A9%94%EC%BB%A4%EB%8B%88%EC%A6%98&sel_search=&txt_search=&orderby=&page=1&idx=892,"공개 드래프트란, 플레이어들이 즉각적/장기적 관점에서 이득을 보거나, 게임 내 목적 달성을 위한 특정 조합을 모으기 위해 공용 공급처에서 카드/타일/자원/주사위 등을 집어오는 게임에서 사용되는 메커니즘입니다.
상트 페테르부르크는 오픈 드래프트 방식을 사용하는 게임의 좋은 예입니다.
아줄은 조금 더 복잡한 오픈 드래프트 방식을 사용합니다. 아줄에서는 여러 개씩 묶인 타일 더미 중에서 한 더미를 고른 후, 그 더미에서 다시 타일 하나만 선택하고 나머지 타일들은 공용 공급처로 되돌립니다.
단순히 카드 더미에서 카드를 뽑는 게임은 드래프트 게임이 아닙니다. 드래프트 메커니즘은 플레이어들에게 선택의 여지를 주어야 하며, 다른 플레이어들이 탐낼 만한 카드를 먼저 집어감으로 인해, 그 카드를 원했을 누군가가 그 카드를 얻지 못하게 방해하는 기능을 제공해야 합니다.
예시: 티켓 투 라이드에서 플레이어들은 공개된 공급처에서 카드를 뽑을 수 있습니다. 물론, 게임 내에서 카드들은 대부분 카드 더미에서 무작위로 뽑히는 경우가 대부분이지만, 그렇다 하더라도 이 게임은 여전히 드래프트 게임으로 여겨집니다.
본 메커니즘은 ""Drafting"" 항목에서 정의하는 비공개 드래프트와는 구별됩니다."
구획 덮기 (Grid Coverage),https://www.divedice.net/kor/board/wiki?viewMode=view&ca=%EB%A9%94%EC%BB%A4%EB%8B%88%EC%A6%98&sel_search=&txt_search=&orderby=&page=1&idx=926,"구획 덮기 게임은 Components: Polyominoes와 같이 다양한 형태의 구성물로 특정한 칸이나 구획을 덮는 일련의 메커니즘을 아우릅니다.
간혹 ""테트리스 매커니즘""이라고 불리는 이 방식에서는 플레이어들이 구성물의 모양을 효율적으로 사용하기 경쟁을 벌입니다. 우봉고처럼 게임의 주요 메커니즘일 때도 있고 피렌체의 제후처럼 플레이어들이 선택을 계획하게 하거나 플레이어의 선택에 있어 제약의 기능을 하는 보조 메커니즘일 수도 있습니다.
활용 가능한 영역을 한 가지 구성물 유형으로 갖추거나 감싸는 게임에서는(특히 공용 공간을 두고 경쟁하는 경우는) ""감싸기(Enclosure)"" 방식을 활용합니다."
구획 이동 (Grid Movement),https://www.divedice.net/kor/board/wiki?viewMode=view&ca=%EB%A9%94%EC%BB%A4%EB%8B%88%EC%A6%98&sel_search=&txt_search=&orderby=&page=1&idx=927,"구획 이동은 말이 다양한 방향의 구획으로 이동할 때 일어납니다. 구획은 (체스처럼) 정사각형 모양이 될 수도 있고 (아발론 클래식처럼) 육각형 모양이 될 수도 있습니다.
한 게임에 (체스나 체커처럼) 많은 말이 쓰일 수도 있고 (Fresco의 bishop처럼) 단 하나의 말만 쓰일 수도 있습니다."
굴림 / 돌림 이동 (Roll / Spin and Move),https://www.divedice.net/kor/board/wiki?viewMode=view&ca=%EB%A9%94%EC%BB%A4%EB%8B%88%EC%A6%98&sel_search=&txt_search=&orderby=&page=1&idx=1005,"굴림/돌림 이동 게임에서 플레이어들은 주사위를 굴리거나 돌림판을 돌려서 결정된 숫자에 따라 말을 이동합니다. 
이 용어는 게임을 하며 생각할 필요가 없는 게임이라는 것을 은연중에 언급하는 비판적인 용도로 사용됩니다. 그러나 백개먼 같은 굴림 이동 게임은 전략적 요소를 포함하고 있습니다. "
귀납 추론 (Induction),https://www.divedice.net/kor/board/wiki?viewMode=view&ca=%EB%A9%94%EC%BB%A4%EB%8B%88%EC%A6%98&sel_search=&txt_search=&orderby=&page=1&idx=939,"플레이어들이 게임을 통제하고 있는 특정한 규칙을 알아내려 시도하는 게임을 귀납 추론 게임이라고 합니다. 흔히 귀납 추론 게임에서는 게임 마스터가 비밀 규칙을 만든 다음, 플레이어들이 특정한 패턴을 만듭니다. 그 뒤, 게임 마스터에게 그 패턴이 규칙에 부합하는지 아닌지를 검증 받습니다. 이러한 검증 과정을 거쳐, 플레이어들은 비밀 규칙이 무엇인지 알아낼 수 있습니다.
귀납 추론 메커니즘을 사용한 게임으로는 Eleusis와 Zendo가 있습니다."
기술 트리 / 기술 트랙 (Tech Tree / Tech Tracks),https://www.divedice.net/kor/board/wiki?viewMode=view&ca=%EB%A9%94%EC%BB%A4%EB%8B%88%EC%A6%98&sel_search=&txt_search=&orderby=&page=1&idx=1031,"게임 과정에서, 새로운 행동이 특별한 플레이어들에게 가능하거나, 존재하는 행동이 향상됩니다. 이러한 것은 보통 기술이라고 칭해지는데, 꼭 그 용어일 필요는 없습니다.  
때로 이러한 메커니즘은 나무 형태로 표현되는데, 하나의 기술을 얻으면, 여러 개의 다른 기술을 해금할 수 있는 모양으로 구현됩니다. 또는, 이 메커니즘은 트랙 모양일 수도 있습니다. 이 경우 트랙을 전진하면서 향상된 기술이나 새로운 기술을 해금하게 됩니다. "
기억 (Memory),https://www.divedice.net/kor/board/wiki?viewMode=view&ca=%EB%A9%94%EC%BB%A4%EB%8B%88%EC%A6%98&sel_search=&txt_search=&orderby=&page=1&idx=960,기억할 수 있는 숨겨진 정보를 제공하여 이를 기억하는 플레이어에게 이점을 줍니다
"내가 나누고 다른 사람이 선택 (I Cut, You Choose)",https://www.divedice.net/kor/board/wiki?viewMode=view&ca=%EB%A9%94%EC%BB%A4%EB%8B%88%EC%A6%98&sel_search=&txt_search=&orderby=&page=1&idx=935,"한 플레이어가 한 자원 세트를 여러 그룹으로 나눕니다. 다른 플레이어들이 그중 어떤 그룹을 선택할지 먼저 선택합니다.
<San Marco>와 <New York Slice>는 이 메커니즘을 활용하였습니다.
이 메커니즘은 차례 순서와 같은 더 추상적인 것을 나누는 데에도 사용될 수도 있습니다. 많은 게임에서 첫 번째 플레이어가 갖는 이점을 최소화하기 위해 소위 ‘파이 규칙’ 또는 <Hex>와 같이 ‘교환 규칙’을 사용합니다. 이 게임에서는 첫 번째 플레이어가 첫 번째 행동을 하고 나서 두 번째 플레이어가 다음 두 가지 중 하나를 선택하여 수행합니다. 첫 번째 플레이어의 색깔과 첫 번째 행동을 두 번째 플레이어가 그대로 넘겨 받습니다, 또는 첫 번째 플레이어의 색깔과 첫 번째 플레이어의 첫 번째 행동을 그대로 두고 그에 대응하여 두 번째 플레이어가 첫 번째 행동을 합니다. 그 후에는 일반적인 규칙에 따라 이어서 차례를 진행합니다."
노래 (Singing),https://www.divedice.net/kor/board/wiki?viewMode=view&ca=%EB%A9%94%EC%BB%A4%EB%8B%88%EC%A6%98&sel_search=&txt_search=&orderby=&page=1&idx=1015,노래 메커니즘을 사용한 게임에서 플레이어들은 게임의 요구사항을 달성하기 위해 친숙한 노래를 부르거나 흥얼거려야 합니다.
뇌물 (Bribery),https://www.divedice.net/kor/board/wiki?viewMode=view&ca=%EB%A9%94%EC%BB%A4%EB%8B%88%EC%A6%98&sel_search=&txt_search=&orderby=&page=1&idx=890,"플레이어들은 다른 플레이어들로 하여금 특별한 행동을 수행하게 만들기 위해 뇌물을 제안합니다.
일반적으로, 플레이어들은 특정 행동에 대해서 뇌물을 제안합니다. 다른 플레이어가 그 제안을 수락하면 뇌물을 받습니다. 수락하지 않을 경우, 뇌물은 제안자에게 돌아갑니다. Santiago 및 Tonga Bonga가 이러한 방식을 채용했습니다.
뇌물은 Negotiation 메커니즘의 일부로도 사용되는데, 이때 플레이어들이 제안하는 뇌물은 상대의 행동을 구속할 수도, 그렇지 않을 수도 있습니다. Intrigue는 후자의 대표적인 예입니다."
"다양한 타입의 일꾼 놓기 (Worker Placement, Different Worker Types)",https://www.divedice.net/kor/board/wiki?viewMode=view&ca=%EB%A9%94%EC%BB%A4%EB%8B%88%EC%A6%98&sel_search=&txt_search=&orderby=&page=1&idx=1049,"각 일꾼들이 여러 능력을 가지고, 향상되거나 격하되기도 하며, 종류에 따라 서로 다른 구역이나 건물에 놓일 수 있습니다. 
이 메커니즘을 사용하는 게임에는 Age of Empires III: The Age of Discovery와 The Manhattan Project가 있습니다."
다중 입찰 경매 (Multiple-Lot Auction),https://www.divedice.net/kor/board/wiki?viewMode=view&ca=%EB%A9%94%EC%BB%A4%EB%8B%88%EC%A6%98&sel_search=&txt_search=&orderby=&page=1&idx=968,"플레이어들이 연속으로 한 번에 하나의 물품에 입찰하는 대신, 병렬적으로 여러 물품에 동시에 입찰하는 경매를 말합니다. 경매의 실제 형태는 각 경매 메커니즘에 따릅니다. 
예를들어, Revolution!에서 플레이어들은 동시에 12개의 행동에 비밀 입찰 경매를 시행합니다. "
다중 지도 (Multiple Maps),https://www.divedice.net/kor/board/wiki?viewMode=view&ca=%EB%A9%94%EC%BB%A4%EB%8B%88%EC%A6%98&sel_search=&txt_search=&orderby=&page=1&idx=967,"특정 지점에서 연결된 여러 개의 지도를 사용하는 게임입니다.
몇 가지 쉬운 예시를 들자면, 판타지 철도 게임인 <Iron Dragon>은 지상과 지하 지도를 사용하며, 두 지도는 연결되어 있습니다.
<Khronos>는 게임판 3개를 사용하는데, 각 게임판은 같은 장소의 다른 시간대를 나타냅니다. 이전 시대의 게임판에 있는 구조물은 미래 시간대의 게임판에 영향을 줍니다.
<Fische Fluppen Frikadellen>은 15명의 플레이어가 세 게임판을 가로질러 다른 지역과 상품을 교역할 수 있게 해줍니다. 플레이어는 정해진 시간에 다른 게임판으로 물리적으로 이동할 수 있으며, 이때 돈과 상품도 같이 가져갑니다."
다회 점수 합산 게임 (Score-and-Reset Game),https://www.divedice.net/kor/board/wiki?viewMode=view&ca=%EB%A9%94%EC%BB%A4%EB%8B%88%EC%A6%98&sel_search=&txt_search=&orderby=&page=1&idx=1008,"종료 조건에 도달할 때까지 게임을 플레이하고 점수를 기록한 다음, 게임을 다시 처음으로 돌려 한번 이상의 추가 라운드를 진행합니다. 몇 번의 라운드가 끝난 후 게임이 종료되고, 각 라운드의 점수를 합산하여 승자를결정합니다. "
단독 패배 게임 (Single Loser Game),https://www.divedice.net/kor/board/wiki?viewMode=view&ca=%EB%A9%94%EC%BB%A4%EB%8B%88%EC%A6%98&sel_search=&txt_search=&orderby=&page=1&idx=1016,한 플레이어가 패배할 때 게임이 종료되는 게임입니다. 
단판 승부 게임 (Sudden Death Ending),https://www.divedice.net/kor/board/wiki?viewMode=view&ca=%EB%A9%94%EC%BB%A4%EB%8B%88%EC%A6%98&sel_search=&txt_search=&orderby=&page=1&idx=1027,"동점인 경우, 단판 승부 규칙이 발동되어 플레이어가 특정 조건을 성취하여 게임이 종료될 때까지 게임을 계속하는 방식을 말합니다. "
닫힌 경제 방식 경매 (Closed Economy Auction),https://www.divedice.net/kor/board/wiki?viewMode=view&ca=%EB%A9%94%EC%BB%A4%EB%8B%88%EC%A6%98&sel_search=&txt_search=&orderby=&page=1&idx=897,"""닫힌 경제""는 어떤 경매 유형에도 적용될 수 있는 메타-메커니즘입니다. 닫힌 경제 방식 경매에서는 경매에서 지불된 모든 금액이 경매 참가자들에게 환원됩니다.
예를 들어 Dream Factory에서는, 낙찰자가 지불한 금액이 낙찰자를 제외한 모든 플레이어에게 균등하게 분배되며, 이렇게 경매에서 져서 돈을 획득하는 것이 이 게임에서 돈을 얻는 유일한 방법입니다."
대단원 (Finale Ending),https://www.divedice.net/kor/board/wiki?viewMode=view&ca=%EB%A9%94%EC%BB%A4%EB%8B%88%EC%A6%98&sel_search=&txt_search=&orderby=&page=1&idx=921,"대단원 게임은 게임 종료 시점이 되었을 때 승자를 정하기 위해 특별한 미니 게임을 진행하는 게임입니다.
이 메커니즘이 사용된 게임으로는 Monsters Menace America가 있습니다. "
대출 (Loans),https://www.divedice.net/kor/board/wiki?viewMode=view&ca=%EB%A9%94%EC%BB%A4%EB%8B%88%EC%A6%98&sel_search=&txt_search=&orderby=&page=1&idx=949,"플레이어들이 돈을 더 얻기 위해 은행으로부터 대출을 받을 수 있습니다.
플레이어가 자산을 담보로 대출을 받는 <Monopoly(1933)>, 대출이 중요한 전략적 선택인 <증기의 시대> 등이 대출 메커니즘을 사용한 게임입니다."
덱 구성 (Deck Construction),https://www.divedice.net/kor/board/wiki?viewMode=view&ca=%EB%A9%94%EC%BB%A4%EB%8B%88%EC%A6%98&sel_search=&txt_search=&orderby=&page=1&idx=909,"가장 먼저, 또는 게임 진행 전에, 플레이어들은 사용할 덱을 만들어야 합니다. 
예시로는 매직 더 개더링과 Smash Up이 있습니다."
덱 파고들기 (Move Through Deck),https://www.divedice.net/kor/board/wiki?viewMode=view&ca=%EB%A9%94%EC%BB%A4%EB%8B%88%EC%A6%98&sel_search=&txt_search=&orderby=&page=1&idx=963,"플레이어들은 덱을 파고듭니다. 덱을 끝까지 파고드는 것이 게임 목표인<원 덱 던전>, 덱에서 보스를 찾아 물리치는 것이 목표인 <Chainsaw Warrior>, 덱을 파고들다 보면 게임이 종료되는 <Diamant>가 대표적인 게임입니다."
"덱, 백, 풀 빌딩 (Deck, Bag, and Pool Building)",https://www.divedice.net/kor/board/wiki?viewMode=view&ca=%EB%A9%94%EC%BB%A4%EB%8B%88%EC%A6%98&sel_search=&txt_search=&orderby=&page=1&idx=910,"플레이어들은 개별 덱에서 뽑은 카드를 사용하고, 새로운 카드를 얻어 자신의 덱에 카드를 넣고 반복적으로 사용하며, 카드를 얻어 덱을 개선시킵니다. 
이 카테고리는 백 빌딩, 풀 빌딩 및 기타 관련 메커니즘을 포함합니다. 
도미니언이 이 메커니즘의 선구자입니다. "
동맹 (Alliances),https://www.divedice.net/kor/board/wiki?viewMode=view&ca=%EB%A9%94%EC%BB%A4%EB%8B%88%EC%A6%98&sel_search=&txt_search=&orderby=&page=1&idx=873,"플레이어들은 게임 진행 중 바꿀수 있는 공식적인 관계를 가집니다. 
이 관계는 협상 게임의 그것과는 다르고, 특별한 게임 규칙에 의해서 통제됩니다. 예를들어, Dune에서 플레이어들은 각 넥서스 단계에 다음 넥서스 단계까지 지속되는 동맹을 맺을 수 있습니다. 이 시간동안 그 플레이어들은 함께 승리하고 서로를 공격할 수 없으며, 동맹이 특별한 힘을 발휘할 수 있도록 해 줍니다. 제국의 투쟁에서 플레이어들은 그 라운드 동안 동맹을 선택할 수 있는 권리를 경매하는데, 이 동맹은 특별한 규칙에 의해 통제됩니다. 
플레이어들이 전체 게임동안 파트너로서 동맹을 맺고, 함께 이기거나 함께 패배하는 게임은 팀전 게임 으로 분류됩니다. "
동시 행동 선택 (Simultaneous Action Selection),https://www.divedice.net/kor/board/wiki?viewMode=view&ca=%EB%A9%94%EC%BB%A4%EB%8B%88%EC%A6%98&sel_search=&txt_search=&orderby=&page=1&idx=1014,"플레이어들은 동시에, 그리고 비밀리에 자신의 차례를 계획합니다. 그러고 나서 동시에 자신의 계획을 공개합니다.  "
드래프트 (Drafting),https://www.divedice.net/kor/board/wiki?viewMode=view&ca=%EB%A9%94%EC%BB%A4%EB%8B%88%EC%A6%98&sel_search=&txt_search=&orderby=&page=1&idx=916,"드래프트 게임에서는 플레이어들에게 카드(및 기타 게임 구성물)를 나눠주는 방식을 사용합니다. 순차적이면서 제한적인 선택이 이루어지며 ""고르고 넘기기""가 일반적입니다. 
그 일반적인 경우에서는 각 플레이어에게 같은 장수의 카드를 나누어 줍니다. 그런 다음 플레이어들은 카드를 1장(이상) 골라 취하고 나머지를 왼쪽으로 넘깁니다. 모든 카드가 누군가에게 선택되거나 버려져서 남은 카드가 없어질 때까지 이것을 반복합니다. 이런 드래프트를 하는 기본 게임으로 7 원더스가 있습니다.
변형꼴로는 플레이어 단 한 명만 카드를 받은 뒤 모든 플레이어들이 카드를 받을 때까지 돌아가며 카드를 1장 받고 나머지 넘기기를 하는 것입니다. 이것은 선플레이어에게 크게 유리한 방식이므로, 이에 대해서 테마적으로 납득을 시키거나 플레이어별 유불리의 균형을 잘 맞춰줄 필요가 있습니다.
공개적으로 펼쳐진 것들 가운데 선택이 이루어지는 ""공개 드래프트(Card Drafting)""와는 차이가 있습니다."
뜨거운 감자 (Hot Potato),https://www.divedice.net/kor/board/wiki?viewMode=view&ca=%EB%A9%94%EC%BB%A4%EB%8B%88%EC%A6%98&sel_search=&txt_search=&orderby=&page=1&idx=934,플레이어가 가지고 있으면 나쁜 효과를 주는 아이템 하나가 있습니다. 플레이어들은 게임이 끝날 때 또는 별도로 정한 시간에 그것을 갖고 있지 않기 위해 그것을 피하거나 다른 플레이어에게 넘겨주려 고군분투합니다. 
레거시 게임 (Legacy Game),https://www.divedice.net/kor/board/wiki?viewMode=view&ca=%EB%A9%94%EC%BB%A4%EB%8B%88%EC%A6%98&sel_search=&txt_search=&orderby=&page=1&idx=946,"레거시 게임이란, 이전 게임에서 거둔 결과가 그 뒤에 이어서 할 게임 상황에 영향을 주는 게임을 의미합니다. 이번 게임의 결과가 다음 게임에 영구적이고 돌이킬 수 없는 변화를 가져온다는 점이 레거시 게임의 특징입니다."
론델 (Rondel),https://www.divedice.net/kor/board/wiki?viewMode=view&ca=%EB%A9%94%EC%BB%A4%EB%8B%88%EC%A6%98&sel_search=&txt_search=&orderby=&page=1&idx=1006,"게임에서 사용 가능한 행동이 원 안에 쐐기 모양 파이 형태로 표시되어 있습니다. 각 플레이어는 하나 이상의 토큰을 ""론델 쐐기""에 놓습니다. 자신의 차례에, 플레이어는 자신의 토큰을 론델 원 안에서 이동시켜 멈춘 쐐기에 표시된 행동을 합니다. 일반적으로, 론델 안에서 추가 이동을 하기 위해서는 비용이 필요합니다. "
롤플레잉 (Role Playing),https://www.divedice.net/kor/board/wiki?viewMode=view&ca=%EB%A9%94%EC%BB%A4%EB%8B%88%EC%A6%98&sel_search=&txt_search=&orderby=&page=1&idx=1003,어떤 게임들은 롤플레잉 요소를 포함합니다. 플레이어들이 시간이 지날수록 성장하는 캐릭터들을 조종하는 것은 그러한 요소 중 하나입니다. 스토리텔링을 중심으로 진행하는 게임도 롤플레잉 게임이 될 수 있습니다. 롤플레잉 메커니즘은 가변적 플레이어 능력 메커니즘에서 확장된 것이라고 볼 수 있습니다.
만칼라 (Mancala),https://www.divedice.net/kor/board/wiki?viewMode=view&ca=%EB%A9%94%EC%BB%A4%EB%8B%88%EC%A6%98&sel_search=&txt_search=&orderby=&page=1&idx=951,"만칼라 메커니즘을 활용한 전형적인 게임에서, 플레이어들은 한 장소의 토큰들을 집어 든 다음, 특정 방향으로 돌아가면서 하나씩 내려놓습니다. 마지막으로 토큰을 내려놓는 위치가 중요한 역할을 합니다.
이 메커니즘의 이름이 유래한 <Kalah(700)>를 비롯, <Finca(2009)> <Theseus: The Dark Orbit(2013)> 같은 게임에서 이 메커니즘을 찾을 수 있습니다."
맞춰서 내기 (Matching),https://www.divedice.net/kor/board/wiki?viewMode=view&ca=%EB%A9%94%EC%BB%A4%EB%8B%88%EC%A6%98&sel_search=&txt_search=&orderby=&page=1&idx=957,"플레이어는 반드시 이전 차례를 진행하며 나온 속성에 맞춰 자신의 차례를 진행해야 합니다. <우노(1971)>, <Crazy Eights>처럼 숫자 또는 색이나 무늬가 일치하도록 카드를 내는 게임이 해당됩니다.
다음에 내는 것의 수가 이전에 나온 수에 따라서 특정 범위에 들어야 하는 식으로 구현하는 경우도 있습니다. 예를 들어, <라마>에서는 이전에 나온 카드와 같거나 수가 하나 더 큰 카드만 낼 수 있습니다. 또, <Spit>에서는 하나 높거나 낮은 카드만 낼 수 있습니다.
참고: 이 메커니즘은 무늬를 따라야 하는 ""트릭테이킹(Trick-taking)"", 또는 ""클라이밍(Ladder Climbing)""과 유사하지만, 구분해서 더 적절한 것을 사용해 주세요."
명령 카드 (Command Cards),https://www.divedice.net/kor/board/wiki?viewMode=view&ca=%EB%A9%94%EC%BB%A4%EB%8B%88%EC%A6%98&sel_search=&txt_search=&orderby=&page=1&idx=898,플레이어는 손에 든 명령 카드들을 써서 자신의 유닛 중 일부를 활성화하고 행동을 수행하게끔 할 수 있습니다.
명령 카운터 (Order Counters),https://www.divedice.net/kor/board/wiki?viewMode=view&ca=%EB%A9%94%EC%BB%A4%EB%8B%88%EC%A6%98&sel_search=&txt_search=&orderby=&page=1&idx=973,"플레이어들은 지역에 자신의 명령 토큰을 놓습니다. 명령 토큰은 그들이 게임판의 특정 지역에서 어떤 행동을 할 것임을 표시합니다. 모든 토큰이 놓인 후, 플레이어들은 이를 순서에 따라 시행합니다. 
스타크래프트: 보드게임이 이 메커니즘의 대표적인 예입니다. "
모듈형 게임판 (Modular Board),https://www.divedice.net/kor/board/wiki?viewMode=view&ca=%EB%A9%94%EC%BB%A4%EB%8B%88%EC%A6%98&sel_search=&txt_search=&orderby=&page=1&idx=962,"타일이나 카드를 조합하여 게임판을 만드는 메커니즘입니다.
많은 게임에서 게임판 놓기는 무작위로 진행되며, 이로 인해 게임의 양상이 달라지게 되곤 합니다.
이 메커니즘을 사용하는 보드게임 중에는 게임판을 이루는 모든 타일이 동시에 사용되지 않는 경우도 있습니다. 이 경우 사용하지 않는 게임판은 그것을 사용하게 되기 전까진 게임에서 제외됩니다."
목표 단서 (Targeted Clues),https://www.divedice.net/kor/board/wiki?viewMode=view&ca=%EB%A9%94%EC%BB%A4%EB%8B%88%EC%A6%98&sel_search=&txt_search=&orderby=&page=1&idx=1029,"한 플레이어는 전체 플레이어가 아닌 그가 원하는 플레이어 답을 추론할 수 있는 단서를 줍니다.
이 메커니즘은 흔히 딕싯이나 Barbarossa같은 파티 게임에서 많이 등장합니다. "
몸짓 (Acting),https://www.divedice.net/kor/board/wiki?viewMode=view&ca=%EB%A9%94%EC%BB%A4%EB%8B%88%EC%A6%98&sel_search=&txt_search=&orderby=&page=1&idx=781,"연기 메커니즘을 채용한 게임에서 플레이어들은 다른 플레이어와 소통하기 위해 마임을 하거나 흉내를 내야합니다. 
Charades는 이 메커니즘을 대표하는 게임입니다. 이 게임에서 팀 구성원 중 한 명은 다른 팀 구성원이 해답을 추리할 수 있도록 힌트를 주는데, 언어를 사용하지 않고 주어야 합니다."
무작위 생산 (Random Production),https://www.divedice.net/kor/board/wiki?viewMode=view&ca=%EB%A9%94%EC%BB%A4%EB%8B%88%EC%A6%98&sel_search=&txt_search=&orderby=&page=1&idx=996,자원들이 무작위 과정으로 생산되어 자격을 갖춘 플레이어들에게 분배됩니다. 카탄과 Crude: The Oil Game이 초기 형태의 이 메커니즘에 기반한 게임입니다. 
물리적 제거 (Physical Removal),https://www.divedice.net/kor/board/wiki?viewMode=view&ca=%EB%A9%94%EC%BB%A4%EB%8B%88%EC%A6%98&sel_search=&txt_search=&orderby=&page=1&idx=985,"기물들을 구조물에서 제거해 나갑니다. 게임 진행은 이렇게 떨어지는 물건들(Ker Plunk)이나, 구조물의 완벽한 붕괴(Zenga)에 의해 영향을 받습니다."
미니맵 해결 (Minimap Resolution),https://www.divedice.net/kor/board/wiki?viewMode=view&ca=%EB%A9%94%EC%BB%A4%EB%8B%88%EC%A6%98&sel_search=&txt_search=&orderby=&page=1&idx=961,"갈등이 발생하면, 게임말이 별도의 게임판으로 옮겨져 이를 해결합니다.
<Titan>이 이 방식의 고전적인 예시입니다."
밀기 (Slide / Push),https://www.divedice.net/kor/board/wiki?viewMode=view&ca=%EB%A9%94%EC%BB%A4%EB%8B%88%EC%A6%98&sel_search=&txt_search=&orderby=&page=1&idx=1017,"플레이어들은 토큰을 밀거나 미끄러뜨립니다. 그 앞에 놓였던 다른 토큰들은 이를 통해 다시 밀릴 수 있습니다. 
예시: 아발론, 르네상스의 거장들, 블랙 엔젤"
방해 (Interrupts),https://www.divedice.net/kor/board/wiki?viewMode=view&ca=%EB%A9%94%EC%BB%A4%EB%8B%88%EC%A6%98&sel_search=&txt_search=&orderby=&page=1&idx=940,"방해는 ""차례 순서(Turn Order)""에 대한 메타 메커니즘입니다. 플레이어들은 일반적인 차례 순서를 방해하는 행동 하나를 해도 됩니다. "
배신자 게임 (Traitor Game),https://www.divedice.net/kor/board/wiki?viewMode=view&ca=%EB%A9%94%EC%BB%A4%EB%8B%88%EC%A6%98&sel_search=&txt_search=&orderby=&page=1&idx=981,"배신자 게임은 팀 게임들이나, 배신 메커니즘을 갖춘 협력게임 등에서 찾아볼 수 있습니다. 배신자는 보통 플레이어들의 실패 조건을 발동시킴으로서 승리합니다. 배신자 게임은 게임 시작 시 비밀 정체를 가지고 시작하나, 게임 중 밝혀지는 배신자가 있는 것이 특징입니다. "
베팅과 블러핑 (Betting and Bluffing),https://www.divedice.net/kor/board/wiki?viewMode=view&ca=%EB%A9%94%EC%BB%A4%EB%8B%88%EC%A6%98&sel_search=&txt_search=&orderby=&page=1&idx=887,"[카드를 더 우수한 조합으로 나누어 받거나, 주사위를 굴려 더 높은 숫자가 나오는 등]의 무작위적인 결과에 기반한 게임에서, 다른 모든 사람이 건 판돈을 딸 기회(참여권)를 얻기 위해, 플레이어들은 자금이나 자원을 자신의 판돈으로 겁니다. 플레이어들은 통상적으로 전체 게임 상태에 대한 부분적인 정보만을 가지고 있으며, ""블러프""라고 불리는 행위를 할 수 있습니다. ""블러프""란, 실제 자신이 가진 지위/도구를 부풀려서 마치 더 높은 지위/도구를 가진 것처럼 (게임 내 행동을 통해) 다른 사람에게 보여주는 행위입니다. 그 외에도, 플레이어들은 그 시합에서 ""폴드""하거나, 빠질 수 있습니다. 이렇게 할 경우, 그는 지금껏 자신이 걸어둔 판돈까지만 잃는 것으로 손실을 제한할 수 있습니다."
병력 운용 (Force Commitment),https://www.divedice.net/kor/board/wiki?viewMode=view&ca=%EB%A9%94%EC%BB%A4%EB%8B%88%EC%A6%98&sel_search=&txt_search=&orderby=&page=1&idx=925,"병력 운용 게임은 플레이어들이 서로 다른 범주의 전장에 자신의 병력을 얼마나 보낼 것인지를 선택하는 게임입니다. 이 경우 (비공개로) 동시에 또는 순차적으로 선택한 뒤에 이를 해결합니다. 약정한 병력을 모두 잃어야 한다는 점에서는 ""경매 / 입찰(Acution / Bidding)"" 방식과 동일하지만, 차이점은 이 메커니즘이 복수의 경쟁 및 동시다발적인 경쟁이 이루어지는 전쟁 게임이나 ""지역 우선권 / 영향력(Area Majority / Influence)"" 게임에 적용된다는 점이 차이입니다. 
이러한 메커니즘의 초기 형태로는 Dune이 있습니다."
비대칭 역할 정보 (Role with Asymmetric Information),https://www.divedice.net/kor/board/wiki?viewMode=view&ca=%EB%A9%94%EC%BB%A4%EB%8B%88%EC%A6%98&sel_search=&txt_search=&orderby=&page=1&idx=1004,"한 명 이상의 플레이어가 게임 시작 시 자신의 역할과 그에 따른 서로 다른 승리조건을 배정받습니다. 그리고 게임 상태에 대해서도 서로 다른 시작 정보를 받습니다. 
이 메커니즘은 보통 역할 숨김 게임의 일종으로 취급되나, 모든 플레이어가 불완전한 정보를 가지고 있다는 것이 다릅니다. Werewolf에서 모든 늑대인간들은 완전한 정보를 가지고 있습니다. 반대로, Spyfall에서 대부분의 플레이어는 공간에 대한 정보를 가지고 있으나, 스파이가 누구인지는 모릅니다. 스파이는 반대로 자신이 스파이라는 것을 알고 있고, 공간에 대한 정보를 모릅니다. 
이 메커니즘 게임의 예로는 Spyfall과 Insider가 있습니다."
비밀 유닛 배치 (Secret Unit Deployment),https://www.divedice.net/kor/board/wiki?viewMode=view&ca=%EB%A9%94%EC%BB%A4%EB%8B%88%EC%A6%98&sel_search=&txt_search=&orderby=&page=1&idx=1009,"비밀 유닛 배치 게임은 숨겨진 정보를 포함하는 게임입니다. 게임 말을 조종하는 플레이어만 말에 대해 본질과 소재에 이르기까지의 완벽한 정보를 가지고 있습니다. 이 메커니즘은 전쟁 게임에서 ""전장의 안개(fog of war)""를 구현하기 위해 사용됩니다. "
비율 / 전투 결과표 (Ratio / Combat Results Table),https://www.divedice.net/kor/board/wiki?viewMode=view&ca=%EB%A9%94%EC%BB%A4%EB%8B%88%EC%A6%98&sel_search=&txt_search=&orderby=&page=1&idx=997,"유닛간의 전투를 해결하는 많은 전쟁 보드게임에서, 공격자와 방어자는 그 전투에 관여한 모든 유닛의 전투력을 모두 더합니다. 이는 공격자와 방어자 사이의 비율로 표시되고, ""전투 결과표(CRT)""에 연동되어 사용됩니다. 그러고 나서 주사위를 굴려 최종 전투 결과를 결정합니다. "
빙고 (Bingo),https://www.divedice.net/kor/board/wiki?viewMode=view&ca=%EB%A9%94%EC%BB%A4%EB%8B%88%EC%A6%98&sel_search=&txt_search=&orderby=&page=1&idx=889,"물품들이 무작위로 선정되며, 각 플레이어들은 자기 고유 게임판에 사용하기 위해 그 물품들을 필요로 합니다.
Bingo 외에도, Take it Easy!, Rise of Augustus, Super-Skill Pinball: 4-Cade 등이 본 메커니즘을 사용하는 게임의 주요 예시입니다. 본 메커니즘은 메커니즘: Roll-and-Write와 메커니즘: Flip-and-Write을 사용하는 장르의 토대가 되었습니다."
빨리 맞추기 (Speed Matching),https://www.divedice.net/kor/board/wiki?viewMode=view&ca=%EB%A9%94%EC%BB%A4%EB%8B%88%EC%A6%98&sel_search=&txt_search=&orderby=&page=1&idx=1019,"보통 카드를 뒤집어서 패턴을 공개합니다. 그러면 플레이어들은 테이블에 있는 다른 게임 구성물들과 연결되는 것을 먼저 찾거나, 그러한 연결이 존재하는지를 찾아야 합니다. 
예시 게임으로는 Scan이나 정글 스피드가 있습니다."
사각 격자 (Square Grid),https://www.divedice.net/kor/board/wiki?viewMode=view&ca=%EB%A9%94%EC%BB%A4%EB%8B%88%EC%A6%98&sel_search=&txt_search=&orderby=&page=1&idx=1020,"게임 말이 사각형으로 이루어진 바둑판무늬의 게임판에 놓이고, 이 게임판은 인접함을 판정하거나 또는 이동을 위해 사용됩니다. "
상대적 이동 (Relative Movement),https://www.divedice.net/kor/board/wiki?viewMode=view&ca=%EB%A9%94%EC%BB%A4%EB%8B%88%EC%A6%98&sel_search=&txt_search=&orderby=&page=1&idx=1000,"유닛들의 이전 움직임은 추적되지 않습니다. 오직 그들의 상대적 위치만이 중요합니다. 
이 메커니즘은 경주 게임에서 분화된 메커니즘입니다. Formula Motor나 Racing RoadKill이 대표적인 게임이고, 다른 테마로는 상어에게 도망치는 Get Bit! 같은 게임이 있습니다. "
상품 투기 (Commodity Speculation),https://www.divedice.net/kor/board/wiki?viewMode=view&ca=%EB%A9%94%EC%BB%A4%EB%8B%88%EC%A6%98&sel_search=&txt_search=&orderby=&page=1&idx=899,"투자 메커니즘의 하위 분류로서, 플레이어가 다양한 종류의 상품을 다양한 수량으로 사고 팔 수 있으며 그 가치가 게임 도중 변화하는 것을 가리킵니다.
상품 투기는 플레이어가 상품 가치에 간접적으로 영향을 끼칠 수 있으나 다른 사람에게 손해를 끼치려면 자신도 손해를 감수해야 하는 유형의 게임과, 플레이어들이 직접적으로 상품 가치를 조작할 수 있으며 그 향방을 정하기 위해 서로 합종연횡해야 하는 유형의 게임 모두를 포함합니다."
서로 다른 주사위로 이동하기 (Different Dice Movement),https://www.divedice.net/kor/board/wiki?viewMode=view&ca=%EB%A9%94%EC%BB%A4%EB%8B%88%EC%A6%98&sel_search=&txt_search=&orderby=&page=1&idx=915,"부대나 게임의 상황에 따라 이동하는데 서로 다른 주사위를 사용합니다. 
이 메커니즘을 사용한 초기 게임으로 Formula De가 있습니다. 경주용 차량의 기어를 서로 다른 주사위로 표현했습니다. "
서사 / 단락 선택 (Narrative Choice / Paragraph),https://www.divedice.net/kor/board/wiki?viewMode=view&ca=%EB%A9%94%EC%BB%A4%EB%8B%88%EC%A6%98&sel_search=&txt_search=&orderby=&page=1&idx=969,"서사 형태를 통해, 여러 행동 선택지가 플레이어에게 주어집니다. 
이 메커니즘은 Tales of the Arabian Nights 또는 Above and Below같이, 보통 번호가 붙은 단락이 있는 책으로 구현되거나, 데드 오브 윈터: 크로스로드 게임과 같이 카드로 표현됩니다. "
선 그리기 (Line Drawing),https://www.divedice.net/kor/board/wiki?viewMode=view&ca=%EB%A9%94%EC%BB%A4%EB%8B%88%EC%A6%98&sel_search=&txt_search=&orderby=&page=1&idx=947,"어떤 식으로든 게임을 하는 동안 선을 그리는 행동을 하게 된다면, 선 그리기 메커니즘을 사용했다고 할 수 있습니다. <Sprouts(1967)>에서 사용된 것처럼 대상을 연결하는 선을 그리는 것일 수도 있고, 대상을 구분짓는 선을 그리는 것일 수도 있고, <Dots> 나 <Square-it(1961)>에서 사용된 것처럼 영역을 만들기 위해 선을 그리는 것일 수도 있습니다.
선이 아니라 기호나 그림을 그리는 것은 따로 분류하여 그리기 메커니즘이라고 합니다."
선택 받지 못한 자원의 가치 상승 (Increase Value of Unchosen Resources),https://www.divedice.net/kor/board/wiki?viewMode=view&ca=%EB%A9%94%EC%BB%A4%EB%8B%88%EC%A6%98&sel_search=&txt_search=&orderby=&page=1&idx=938,"플레이어들이 선택하지 않은 특정 행동이나 자원의 가치가 오릅니다. 
이 메커니즘을 사용한 대표작으로는 Puerto Rico를 꼽을 수 있습니다. Puerto Rico에서는 선택 받지 못한 직업 위에 동전을 올려 놓습니다. 게임 디자이너는 이 메커니즘을 사용하여 여러 선택지 사이의 밸런스를 간단하게 조절할 수 있습니다. 
가치를 올릴 때 사용하는 돈은 Puerto Rico처럼 은행에서 가져오기도 하고, Small World처럼 플레이어가 내기도 합니다. Small World에서는 플레이어가 자신이 선택하지 않고 건너뛴 종족 위에 동전을 올려야 합니다."
선택 순서 입찰 (Selection Order Bid),https://www.divedice.net/kor/board/wiki?viewMode=view&ca=%EB%A9%94%EC%BB%A4%EB%8B%88%EC%A6%98&sel_search=&txt_search=&orderby=&page=1&idx=1010,"선택 순서 입찰은 ""다중 입찰 경매(Multiple-Lot Auction)""의 한 종류인데, 플레이어들이 물품 그 자체에 대해 입찰하지 않고, 물품을 ""드래프트(Drafting)""할 때의 순서에 대해 입찰하는 경매입니다. 입찰 비용이 커지면 플레이어는 패스를 선언하고 후순위를 선택할 수 있습니다. 몇몇 경우에는, 모든 플레이어들이 입찰한 금액을 전부 지불해야 하고, 일부 게임에서는 입찰금 일부를 회수하는 경우도 있습니다. 
이 메커니즘의 초기 예시는 For Sale입니다. "
성과 훔치기 (Kill Steal),https://www.divedice.net/kor/board/wiki?viewMode=view&ca=%EB%A9%94%EC%BB%A4%EB%8B%88%EC%A6%98&sel_search=&txt_search=&orderby=&page=1&idx=942,"플레이어들이 협동하여 특정 목표를 달성했지만, 그 목표를 마무리 지어 완성한 단 한 사람만 모든 보상을 챙기는 방식을 성과 훔치기 메커니즘이라 부릅니다.
이런 메커니즘을 사용한 게임으로는 Cutthroat Caverns가 있습니다."
세트 모으기 (Set Collection),https://www.divedice.net/kor/board/wiki?viewMode=view&ca=%EB%A9%94%EC%BB%A4%EB%8B%88%EC%A6%98&sel_search=&txt_search=&orderby=&page=1&idx=1012,"아이템의 가치가 세트의 부분이 되는 것에 따라 달라집니다. 예를 들어 아이템의 일정 양 또는 다양성의 집합에 따라 점수를 얻을 수 있습니다.
예시: 
특정 아이템 3개의 세트는 점수가 있습니다(물품 각자에는 점수가 없습니다).
서로 다른 아이템 3개의 세트는 점수가 있습니다(물품 각자에는 점수가 없습니다).
특정 아이템은 3점이지만, 그 아이템 2개를 모으면 7점이고, 3개를 모으면 13점입니다. 
예시 게임: 플레이어들은 보난자에서 여러 종류의 콩을 모으고 수확하며, 태양신 라에서는 기념물을 모아야 합니다. 
""계약(Contracts)"" 메커니즘은 수락할 때 공개하여 표시되어야 하고, 게임 내에서 가변적인 목표에 의해 필요한 물건이 결정되고, 일반적으로 한 사람만이 달성가능하다는 점에서 조금 더 복잡한 경우입니다. "
소유 (Ownership),https://www.divedice.net/kor/board/wiki?viewMode=view&ca=%EB%A9%94%EC%BB%A4%EB%8B%88%EC%A6%98&sel_search=&txt_search=&orderby=&page=1&idx=974,"플레이어들은 개체를 소유하고, 이 개체들로 행동을 수행하고, 다른 사람들이 이를 사용했다면 이득을 얻습니다. 
18xx 시리즈(1830: Railways & Robber Barons)과 Imperial이 이 메커니즘의 완벽한 예입니다. 
르 아브르와 케일러스는 플레이어들이 행동칸을 소유하며, 다른 플레이어들이 사용할 때 이득을 얻습니다. "
수령과 배달 (Pick-up and Deliver),https://www.divedice.net/kor/board/wiki?viewMode=view&ca=%EB%A9%94%EC%BB%A4%EB%8B%88%EC%A6%98&sel_search=&txt_search=&orderby=&page=1&idx=986,"이 메커니즘 게임에서 플레이어들은 상품 또는 물품을 게임판의 한 장소에서 수령하고, 그것을 게임판의 다른 장소로 가져가야 합니다. 물품의 최초 위치는 사전에 결정되거나 무작위로 결정됩니다. 상품을 배달하면 플레이어들은 더 많은 행동을 할 수 있는 돈을 얻게 됩니다. 대부분의 경우, 물품이 어디로 가야하는지 결정하는 규칙이나 다른 메커니즘을 포함합니다. 
Empire Builder는 1980년에 나와 지금까지 유명한 클래식한 수령과 배달 메커니즘 게임입니다. 이 게임에서 플레이어는 도시 사이에 철도를 건설하고, 이 철도 사이로 기차를 움직입니다. 플레이어들은 특정 도시가 특정 상품을 요구하는 계약서를 갖습니다. 이 계약을 충족시키기 위해, 플레이어는 해당 물품을 갖고 있는 도시로 여행하고, 그 상품을 수령하고, 목적지로 배달해야 합니다. 플레이어가 계약서를 완료하면, 플레이어는 계약서에 쓰여있는 돈을 받습니다."
수입 (Income),https://www.divedice.net/kor/board/wiki?viewMode=view&ca=%EB%A9%94%EC%BB%A4%EB%8B%88%EC%A6%98&sel_search=&txt_search=&orderby=&page=1&idx=937,이 메커니즘 게임에서는 정해진 때마다 플레이어들이 자원을 얻습니다. 
수치 확인 및 해결 (Stat Check Resolution),https://www.divedice.net/kor/board/wiki?viewMode=view&ca=%EB%A9%94%EC%BB%A4%EB%8B%88%EC%A6%98&sel_search=&txt_search=&orderby=&page=1&idx=1022,"테스트를 통과하기 위해 요구되는 수치가 있습니다. 무작위 수치(카드 뽑기, 주사위 굴림 등으로)가 생성되고, 이를 목표와 비교합니다. 이 숫자가 목표에 일치하거나 초과하면, 행동에 성공합니다. "
숨겨진 역할 (Hidden Roles),https://www.divedice.net/kor/board/wiki?viewMode=view&ca=%EB%A9%94%EC%BB%A4%EB%8B%88%EC%A6%98&sel_search=&txt_search=&orderby=&page=1&idx=931,숨겨진 역할이 있는 게임에서는 한 명 혹은 다수의 플레이어가 서로 다른 역할을 배정받고 이 역할은 게임을 시작할 때 다른 플레이어에게 공개되지 않습니다.
숨겨진 이동 (Hidden Movement),https://www.divedice.net/kor/board/wiki?viewMode=view&ca=%EB%A9%94%EC%BB%A4%EB%8B%88%EC%A6%98&sel_search=&txt_search=&orderby=&page=1&idx=930,"이동이 다른 모든 플레이어들에게 보이지 않게 일어납니다.
스코틀랜드 야드가 이 메커니즘을 활용한 고전 명작 게임입니다.
이 메커니즘을 활용하는 데 있어 디자이너에게 가장 중요한 과제는 플레이어가 숨겨진 유닛을 이동할 때 실수하지 않도록 이동 규칙을 간단하게 만드는 방법, 또는 게임을 끝마칠 때 이동 경로를 추적할 수 있게 하는 것입니다."
숨겨진 점수 (Hidden Victory Points),https://www.divedice.net/kor/board/wiki?viewMode=view&ca=%EB%A9%94%EC%BB%A4%EB%8B%88%EC%A6%98&sel_search=&txt_search=&orderby=&page=1&idx=932,각 플레이어가 얻은 점수를 다른 플레이어에게 공개하지 않습니다.
스토리텔링 (Storytelling),https://www.divedice.net/kor/board/wiki?viewMode=view&ca=%EB%A9%94%EC%BB%A4%EB%8B%88%EC%A6%98&sel_search=&txt_search=&orderby=&page=1&idx=1026,"스토리텔링 게임에서 플레이어는 플레이어의 이야기에 통합되어야 하는 개념적이고 글과 그림으로 구성된 자극을 받습니다. 옛날 옛적에(Once Upon a Time)는 단어를 선택하는 방식을 사용하고, Rory's Story Cubes는 모호한 상징들을 사용합니다. Snake Oil과 Big Idea같은 게임들은 플레이어들이 짧은 스토리나 삽화를 가진 상품을 선전하도록 유도합니다. 
Tales of the Arabian Nights나  Above and Below같이 플레이어들이 스토리를 만들지 않고, 이야기 속의 등장인물 중 하나가 되어 스토리텔링을 경험하게 디자인된 게임도 있습니다. 이러한 방식을 가진 게임들은 플레이어들에게 특정한 서술 상황을 제시하고, 플레이어들에게 이야기의 끝에 영향을 미칠 수 있게 하는 선택지를 줍니다. "
승점을 자원으로 사용 (Victory Points as a Resource),https://www.divedice.net/kor/board/wiki?viewMode=view&ca=%EB%A9%94%EC%BB%A4%EB%8B%88%EC%A6%98&sel_search=&txt_search=&orderby=&page=1&idx=1045,"승점을 게임 상황에 영향을 미치는 통화로서 사용할 수 있습니다. 
통화를 사용하고, 가장 많은 돈을 가진 플레이어가 승리하는 경영 또는 경제 게임들이 이 메커니즘의 일반적인 예입니다. 그러나 Small World와 같이 다른 테마를 가진 게임들도 이 메커니즘을 사용합니다. 게임이 끝날 때 통화(나 다른 자원)를 부수적인 수단으로써 승점으로 변경할 수 있는(보통 깎인 비율로) 게임은 이 메커니즘에 포함되어 있지 않습니다. 이는 ""게임 종료 보너스(End Game Bonuses)"" 메커니즘에 해당됩니다. "
시간 트랙 (Time Track),https://www.divedice.net/kor/board/wiki?viewMode=view&ca=%EB%A9%94%EC%BB%A4%EB%8B%88%EC%A6%98&sel_search=&txt_search=&orderby=&page=1&idx=978,"이 메커니즘 게임에서는 여러 칸으로 구성된 선형의 ""시간 트랙""이 있습니다. 각 플레이어는 트랙 위에 마커를 놓습니다. 이는 플레이어들이 시간의 흐름속에 어디에 있는지를 표시합니다. 트랙의 출발선에서 멀리 있는 마커는 시간상 더 앞서 있다는 것을 의미합니다. 
트랙에서 마커가 뒤에 있는 플레이어(""시간에 뒤쳐진"")가 다음 행동을 합니다. 각 행동은 시간을 비용으로 사용합니다. 플레이어의 마커를 해당 비용에 따라 그 숫자만큼 전진시킵니다. 그러고 나서, 마커가 가장 뒤에 있는 플레이어가 행동을 합니다. 같은 플레이어가 연속으로 여러 번의 차례를 가지는 일도 가능합니다.  "
시나리오 / 임무 / 캠페인 게임 (Scenario / Mission / Campaign Game),https://www.divedice.net/kor/board/wiki?viewMode=view&ca=%EB%A9%94%EC%BB%A4%EB%8B%88%EC%A6%98&sel_search=&txt_search=&orderby=&page=1&idx=1007,"다양한 지도와 시작 자원 및 위치, 심지어 서로 다른 승리와 패배 조건이 적용될 수 있는 게임 시스템입니다. 이 다양한 조건들은 더 큰 규모의 이야기나 캠페인 속에서 조합될 수도 있고, 전반적으로 각자가 연결되지 않을 수도 있습니다. "
시뮬레이션 (Simulation),https://www.divedice.net/kor/board/wiki?viewMode=view&ca=%EB%A9%94%EC%BB%A4%EB%8B%88%EC%A6%98&sel_search=&txt_search=&orderby=&page=1&idx=1013,시뮬레이션 게임은 실제 사건이나 상황을 모델로 만들어졌습니다.
시야 (Line of Sight),https://www.divedice.net/kor/board/wiki?viewMode=view&ca=%EB%A9%94%EC%BB%A4%EB%8B%88%EC%A6%98&sel_search=&txt_search=&orderby=&page=1&idx=948,"게임말이 특정 지역만 볼 수 있습니다.
이 메커니즘을 구현하는 방법은 다양합니다. <Advanced Squad Leader(1985)>에서 구현한 것처럼 실을 이용해 시야를 확인할 수도 있고, <Tannhauser(2007)>에서 구현한 것처럼 지역을 색깔로 구분해서 조건에 따라 특정 색깔 구역만 보이는 것으로 구분하는 것도 가능합니다."
시장 (Market),https://www.divedice.net/kor/board/wiki?viewMode=view&ca=%EB%A9%94%EC%BB%A4%EB%8B%88%EC%A6%98&sel_search=&txt_search=&orderby=&page=1&idx=956,"플레이어들이 시장에서 자원을 사고 팔 수 있습니다. 시장에는 다양한 가격, 수량을 갖는 여러 자원이 있습니다."
실시간 (Real-TIme),https://www.divedice.net/kor/board/wiki?viewMode=view&ca=%EB%A9%94%EC%BB%A4%EB%8B%88%EC%A6%98&sel_search=&txt_search=&orderby=&page=1&idx=999,이 메커니즘 게임에는 차례가 없습니다. 플레이어들은 어떤 제약 하에서 게임 또는 단계가 끝날때까지 가능한 한 빠르게 플레이합니다.
실시간 경과 후 종료 (Elapsed Real Time Ending),https://www.divedice.net/kor/board/wiki?viewMode=view&ca=%EB%A9%94%EC%BB%A4%EB%8B%88%EC%A6%98&sel_search=&txt_search=&orderby=&page=1&idx=917,"실시간 경과 후 종료 게임은 일정 수준으로 실제 시간이 지난 뒤 끝나는 게임입니다.
Space Alert와 같이 사운드트랙을 사용해서 실시간을 측정하는 방식이 있는가 하면 Escape from Colditz처럼 그냥 시계를 두고 측정하는 방식도 있습니다."
실측 이동 (Measurement Movement),https://www.divedice.net/kor/board/wiki?viewMode=view&ca=%EB%A9%94%EC%BB%A4%EB%8B%88%EC%A6%98&sel_search=&txt_search=&orderby=&page=1&idx=958,"게임말이 이동할 때, 자로 실측한 거리를 이동합니다.
워해머 40,000과 같은 미니어처 게임에서 일반적으로 사용되는 방식입니다. 정확한 거리를 재지 않으면 플레이어 간 분쟁이 발생할 수 있기 때문입니다.
이 메커니즘은 템플렛 이동과는 다릅니다. 템플렛 이동은 플레이어들이 템플렛을 놓은 다음, 템플렛만큼 이동하는 것을 의미합니다. 반면 실측 이동은 실측한 거리 내에서 이동할 수 있는 지점의 선택지가 다양합니다."
쌓기와 균형 잡기 (Stacking and Balancing),https://www.divedice.net/kor/board/wiki?viewMode=view&ca=%EB%A9%94%EC%BB%A4%EB%8B%88%EC%A6%98&sel_search=&txt_search=&orderby=&page=1&idx=1021,"게임 말을 물리적으로 쌓고, 균형을 맞춰야 합니다. 
예시 게임으로는 Junk Art와 Bausack이 있습니다.
참고: 이 카테고리는 전쟁 게임에서 흔히 쓰이는 용어인, 여러 말을 한 칸에 쌓아놓는 ""쌓아 놓기(stacking)""와는 다릅니다. "
역할 선택 (Role Selection),https://www.divedice.net/kor/board/wiki?viewMode=view&ca=%EB%A9%94%EC%BB%A4%EB%8B%88%EC%A6%98&sel_search=&txt_search=&orderby=&page=1&idx=924,"토큰이나 카드를 선택하여, 플레이어의 차례 혹은 행동에 영향을 끼치는 게임입니다. 역할 선택은 효과의 적용, 특별 행동, 비용 줄이기, 비용 제한, 가능한 행동 등에 영향을 끼칩니다. 게임의 시작에 단 한 번 역할을 고르는 것이 아니라, 차례의 시작마다 혹은 몇 번의 차례마다 역할을 고릅니다.
이 메커니즘을 사용한 게임으로는 Puerto Rico, Citadels, Age of Steam 등이 있습니다."
연결 (Connections),https://www.divedice.net/kor/board/wiki?viewMode=view&ca=%EB%A9%94%EC%BB%A4%EB%8B%88%EC%A6%98&sel_search=&txt_search=&orderby=&page=1&idx=902,"플레이어들에게는 게임 보드 위의 여러 지점들을 서로 연결하는 목표가 주어집니다. 두 지점을 연결하는 중간 구성물들(주로 ""길""로 표현되곤 하는)의 집합을 하나의 세트로 간주한다면, 본질적으로 이는 Set collection 메커니즘의 일종으로 볼 수 있습니다.
이러한 메커니즘의 게임에는 Hex, TransAmerica, Ta Yu 등이 포함됩니다."
연쇄 (Chaining),https://www.divedice.net/kor/board/wiki?viewMode=view&ca=%EB%A9%94%EC%BB%A4%EB%8B%88%EC%A6%98&sel_search=&txt_search=&orderby=&page=1&idx=895,"기물 자체는 움직이지 않으나 (기존에 놓은 기물을 발판으로) 연쇄적으로 놓입니다. 이러한 방식은 기물이 움직이지 않음에도 불구하고 게임에 역동성을 부여합니다.
이러한 메커니즘의 초창기 예시로는 Expedition과 Through the Desert를 들 수 있습니다."
예상 입찰 (Predictive Bid),https://www.divedice.net/kor/board/wiki?viewMode=view&ca=%EB%A9%94%EC%BB%A4%EB%8B%88%EC%A6%98&sel_search=&txt_search=&orderby=&page=1&idx=991,"플레이어들은 게임에서 미래에 무엇을 할 것인가를 예측하고, 예측이 얼마나 맞았는지에 기반하여 점수를 얻습니다. 
이는  Bridge, Spades나 Sluff Off! 같은 트릭 테이킹 게임에서 자주 보입니다. 이는 또한 Dune에서도 뚜렷이 나타나는데, Bene Gesserit 플레이어는 상대방이 특정 차례에 얼마나 점수를 얻을 것인지 성공적으로 예측하여 그 플레이어에게 점수를 빼앗아 올 수 있습니다."
운 시험 게임 (Push Your Luck),https://www.divedice.net/kor/board/wiki?viewMode=view&ca=%EB%A9%94%EC%BB%A4%EB%8B%88%EC%A6%98&sel_search=&txt_search=&orderby=&page=1&idx=994,"상당히 무작위적이거나 운에 의거한 보상이 있는 게임에서, 플레이어들은 이미 얻은 이득에 만족할 것인지, 미래의 더 큰 보상을 위해 얻은 걸 다 걸 것인지를 결정해야 합니다. 운 시험 게임은 TV 프로그램 ""press-your-luck""으로 잘 알려져 있습니다. 
보드게임 작가 Bruno Faidutti의 설명은 다음과 같습니다: 
두배냐, 탈출이냐. 더 가느냐, 멈추느냐. 당장 얻은 것을 현금화 하느냐, 그것을 베팅할 것이냐. 이 아이디어는 새로운 것은 아닙니다. 블랙잭과 같은 많은 도박류 게임에서는 이 아이디어를 압축하여 사용합니다. 일부 전통적인 주사위 게임에서도 마찬가지입니다. Pass the Pig는 이러한 게임들의 현대적 버전이죠. 이 시스템은 많은 TV 프로그램에서도 사용하는데, 승자는 얻은 것을 가지고 떠날 것인지, 지금까지 얻은 모든 것을 잃을 위험을 가지고 한 문제 더 대답해볼 것인지를 결정할 수 있습니다. Luigi Comencini가 감독한 이탈리아 코미디 드라마 Scopone Scientifico에서처럼, 당신이 절대 멈추지 않을 것이라면, 항상 모든 것을 다 잃게 됩니다. 이 시스템은 보드게임과 카드게임에서 매우 효과적인데, 높은 긴장감을 유발하고 주사위를 더 굴릴때나 카드를 한 장 더 뽑을 때 약간의 고뇌를 느끼게 하기 때문입니다. ""두 배냐, 탈출이냐"" 게임으로 가장 잘 알려진 게임은 Sid Sackson의 Can't Stop일 것입니다. 아주 영리한 주사위 게임이며, 최신 버전에서는 등산가들이 정상에 도달하기에는 너무 참을성이 없어서 결국에는 떨어지고 마는 테마로 구현되었습니다. 이 게임은 모든 플레이어들이 같은 배에 있지만, 함정에 빠질지 아닐지, 언제 빠질지 아무도 모든다는 점에서 매우 교묘합니다. 이제 떠날 시간일까요, 아닐까요? 이러한 일들은 Aaron Weissblum의 Claud Nine이나 Alan R. Moon이 디자인한 Diamant에서도 자주 일어납니다. 
  아래는 보드게임 작가 Reiner Knizia의  Dice Games Properly Explained에 있는 Jeopardy 주사위 게임에 대한 설명입니다: 
여러분은 여러분의 결과값을 증진시키고 극대화하는데 집중합니다. 하지만 뱀이 깨어나고 있습니다. 일이 잘못된다면, 여러분은 모든 것을 잃습니다. 큰 위험은 큰 보상을 가지고 옵니다. 아니라면, 패배합니다! 재앙은 여러가지 다른 방법으로 공격해옵니다. 여기에 더해, 여러분은 잠재적 이득과 손해를 가늠할 필요가 있습니다. 특정 숫자를 굴리는 것 또는 특정 숫자 합에 도달하는 것은 여러분을 매우 곤란하게 만들 것입니다. 여러분은 재앙이 점점 더 커지는 것을 봅니다. 하지만, 탈출할 수 있나요? 다른 게임들에서 여러분은 선택권을 열어두는 한 계속 주사위를 던질 수 있습니다. 언제 멈출지, 그리고 언제 여러분의 결과를 감출지 깨달으세요. 여러분이 탐욕적이고 여러분의 운이 다했다면, 여러분은 탈락합니다. 여러분은 올바른 결정을 내려야하고, 또한 운이 좋아야 합니다. "
육각형 구획 (Hexagon Grid),https://www.divedice.net/kor/board/wiki?viewMode=view&ca=%EB%A9%94%EC%BB%A4%EB%8B%88%EC%A6%98&sel_search=&txt_search=&orderby=&page=1&idx=929,"구성물들이 육각형 모양으로 게임판에 겹치지 않으면서 빈틈없이 놓이며, 이것이 인접지 그리고/또는 이동에 쓰입니다.
예전에는 이 카테고리가 ‘육각형과 counter.’로 알려졌습니다. 육각형 구획 메커니즘이 이제 더 넓은 범위의 게임을 의미하게 된 반면 기존의 표현은 이 메커니즘을 활용한 대규모 게임의 중요한 측면을 강조할 때 쓰입니다.
‘육각형과 counter.’는 육각형 구획이 있는 지도에서 ‘counter’를 사용하여 즐기는 고전 워게임 메커니즘입니다. 육각형 구획은 사각형 구획에 비해 counter가 등거리로 이동할 때 더 많은 방향(6방향)으로 이동할 수 있게 해줍니다. 이로 인해 사각형 구획에서 대각선으로 이동하는 것에 대한 문제를 피할 수 있습니다(사각형 구획에서는 대각선으로 이동하는 것이 직각으로 이동하는 것보다 거리가 멉니다).
구성물들이 육각형 모양으로 게임판에 겹치지 않으면서 빈틈없이 놓이며 인접지 그리고/또는 이동에 쓰입니다.
이러한 게임 중 많은 게임들이 ""통제 범위(Zone of Control, 현재는 별도의 메커니즘으로 분류)""의 컨셉을 포함합니다. 통제 구역은 유닛이 상대 유닛 옆으로 이동하거나 또는 상대 유닛 옆에서 이동을 시작할 때, 그 이동을 멈추게 하거나 못하게 만듭니다. 정확한 효과는 구현한 시대나 기타 디자인 문제에 따라 달라집니다."
의사소통 제한 (Communication Limits),https://www.divedice.net/kor/board/wiki?viewMode=view&ca=%EB%A9%94%EC%BB%A4%EB%8B%88%EC%A6%98&sel_search=&txt_search=&orderby=&page=1&idx=900,"어떤 게임들은 플레이어들이 서로 자유롭게 의사소통하지 못하게끔 제약을 둡니다. 이러한 제약의 유형에는 특정 종류의 정보를 절대로 공유하지 못하게끔 하는 것도 있고, 특정 유형의 의사소통 방식(예를 들어 말하기)을 금지하는 것도 있습니다.
이러한 메커니즘의 예시로는 Hanabi와 Reverse Charades가 있습니다."
이동 템플릿 (Movement Template),https://www.divedice.net/kor/board/wiki?viewMode=view&ca=%EB%A9%94%EC%BB%A4%EB%8B%88%EC%A6%98&sel_search=&txt_search=&orderby=&page=1&idx=965,"이동 템플릿을 사용해 게임말이 어디로 움직일지를 정하는 방식입니다.
이 방식의 고전적인 예시는 <Blue Max>지만, 오늘날에는 <Wings of War>나 <X윙 미니어처 게임>처럼 이 메커니즘을 성공적으로 사용하는 게임도 출시되었습니다."
이동 포인트 (Movement Points),https://www.divedice.net/kor/board/wiki?viewMode=view&ca=%EB%A9%94%EC%BB%A4%EB%8B%88%EC%A6%98&sel_search=&txt_search=&orderby=&page=1&idx=964,"게임말에 이동에 사용할 수 있는 점수가 부여됩니다. 많은 게임에서 일반적인 메커니즘으로 특히 워 게임에서 많이 찾아볼 수 있습니다. 이런 게임에선 지형에 따라 사용해야 할 이동 포인트가 달라지기도 합니다. 이동 포인트는 게임말이나 특정 지형에 한해 사용된다는 개념이라 ""행동 포인트(Action Points)""와는 구분됩니다. ""행동 포인트(Action Points)""는 플레이어의 행동 전반에 사용되는 개념으로, 행동에는 흔히 ""이동""도 포함됩니다."
이벤트 (Events),https://www.divedice.net/kor/board/wiki?viewMode=view&ca=%EB%A9%94%EC%BB%A4%EB%8B%88%EC%A6%98&sel_search=&txt_search=&orderby=&page=1&idx=920,"이벤트 게임은 일으키고 말고를 플레이어들이 제어할 수 없는 이벤트가 발생하는 게임입니다. 이벤트에는 즉각적인 효과를 일으키거나, 게임의 상태를 바꾸거나, 그 이후에 다른 행동이 수반되게 만드는 것 등이 있습니다."
이익 토큰 (Advantage Token),https://www.divedice.net/kor/board/wiki?viewMode=view&ca=%EB%A9%94%EC%BB%A4%EB%8B%88%EC%A6%98&sel_search=&txt_search=&orderby=&page=1&idx=872,"한 플레이어는 특별한 행동을 수행하거나 행동을 수정할 수 있게 하는 토큰을 가지고 있습니다. 한 번 사용하면, 그 토큰을 다른 플레이어에게 넘깁니다. 
Storm over Arnhem에서 처음 사용된 이 메커니즘은 Twilight Struggle의 China card같이, 많은 게임에서 사용되며 큰 영향을 주었습니다. "
일꾼 놓기 (Worker Placement),https://www.divedice.net/kor/board/wiki?viewMode=view&ca=%EB%A9%94%EC%BB%A4%EB%8B%88%EC%A6%98&sel_search=&txt_search=&orderby=&page=1&idx=1047,"일꾼 놓기는 ""행동 드래프트(Action Drafting)""를 양식화한 형태로, 플레이어들이 모든 플레이어들이 사용가능한 여러 행동 가운데 자신의 토큰(보통 미플(meeple)을 사용)을 원하는 행동 장소에 놓고 해당 행동을 발동하는 형태의 메커니즘을 말합니다. 보통 차례 순서대로 한 번씩 돌아가며 말을 놓습니다. 일부 게임들은 같은 효과를 반대 방향으로 얻기도 합니다. 각 차례가 플레이어들이 비용을 내고 놓은 마커들에 의해 행동칸들이 채워져 있는 것입니다. 각 플레이어들은 제한된 숫자의 마커를 가지고 이 과정에 참여합니다. 게임 중간에 이 숫자를 늘릴 수 있기도 합니다. 
보통(*) 하나의 행동이 수행될 수 있는 숫자는 제한되어 있습니다. 일단 행동 제한 수에 도달하면, 해당 행동을 다시 하기 위해 더 비싼 비용이 들거나, 남은 라운드 동안 더 이상 그 행동을 할 수 없게 됩니다. 보통 주어진 라운드에 모든 플레이어가 모든 행동을 할 수는 없으며, 그래서 '행동 막기' 상황이 발생합니다. 게임이 여러 라운드로 구성된다면, 모든 행동은 각 라운드가 시작하거나 끝날 때 다시 충전되며 플레이어들은 새 라운드에 행동을 다시 사용할 수 있습니다. 
테마적 관점에서, '행동을 드래프트' 할 때 사용하는 게임말들은 주어진 행동을 하는 ""일꾼""을 의미합니다(그러나 이 메커니즘에서 이러한 테마적 표현을 반드시 강제하는 것은 아닙니다). 다시 말해서, 플레이어들은 개별 플레이어들이 행동을 드래프트 했다는 것을 보여주기 위해 테마적으로 '일꾼을 놓습니다'. 예를 들어, 아그리콜라에서 각 플레이어들은 가족 구성원을 표현하는 두 개의 게임 말을 가지고 시작하며, 이 말들은 행동 칸에 놓여 자원을 모으거나 울타리를 치는 등 다른 행동들을 합니다. 아그리콜라에서 한 플레이어가 어떤 행동 칸에 말을 놓았다면, 그 행동칸은 다음 라운드까지 사용이 불가능합니다. 
1998년에 출시된 Keydom은 넓게 보아 일꾼 놓기 장르의 첫 게임으로 일컬어집니다. 이 메커니즘을 활용한 초기 게임들로는 Bus(1999), Way out west(2000)가 있습니다. 일꾼 놓기 게임을 대표하는 잘 알려진 게임으로는 아그리콜라(2007), 케일러스(2005), 그리고 석기 시대(2008)가 있습니다. 
(*)이 문맥에서 ""보통""이라는 단어의 사용에는 논쟁의 여지가 있습니다. 보드게임긱(BoardGameGeek)의 메커니즘 분류를 목적으로 할 때, ""행동 차단""은 일꾼 놓기 메커니즘의 정의 요소입니다. 이 경우, 각 라운드에 드래프트 될 수 있는 어떤 행동에는 반드시 횟수에 제한이 있어야 합니다. "
일등 따라잡기 (Catch the Leader),https://www.divedice.net/kor/board/wiki?viewMode=view&ca=%EB%A9%94%EC%BB%A4%EB%8B%88%EC%A6%98&sel_search=&txt_search=&orderby=&page=1&idx=894,"본 게임 시스템은 뒤처진 플레이어에게 혜택을 주거나 앞서가는 플레이어에게 불이익을 줍니다.
만약 이러한 혜택이 차례 순서를 정할 때에만 한정될 경우, 본 메커니즘 대신 ""차례 순서 : 능력치 기반(Turn Order : Stat-Based)"" 태그가 따라붙습니다."
자동적인 자원 증가 (Automatic Resource Growth),https://www.divedice.net/kor/board/wiki?viewMode=view&ca=%EB%A9%94%EC%BB%A4%EB%8B%88%EC%A6%98&sel_search=&txt_search=&orderby=&page=1&idx=886,"자원이 자동으로 증가하는 메커니즘은 게임 내의 특정한 조건 및 게임 상태에 따라 발동됩니다(무작위가 아닙니다).
예시 1. 아그리콜라에서 아무도 보유하고 있지 않은 자원의 증가:
- 아무도 나무를 가져가지 않은(조건) 나무 수집 행동칸은, 다음 라운드(게임 상태)에 나무를 +1개(결과) 제공할 것입니다.
예시 2. 아그리콜라에서 누군가 보유하고 있는 자원의 증가:
- 당신의 농장에 돼지가 2마리 있으며 돼지 3마리를 키울 충분한 공간이 있다면(조건), 그 라운드의 번식 단계(게임 상태)에 자동적으로 3번째 돼지(결과)가 생산될 것입니다.
예시 3. Monopoly에서의 반례:
- ""GO"" 칸을 통과할 때마다(게임 상태) $200(결과)를 받습니다.
- (부동산을 1개 이상 소유하고 있다면~ 따위의) 조건이 없으므로 본 메커니즘이 사용된 것이 아닙니다.
예시 4. 러브레터에서의 반례: 
- 당신의 차례가 시작될 때마다(게임 상태) 카드 1장 뽑기(결과).
- (당신의 손에 카드가 1장도 없다면~ 따위의) 조건이 없으므로 본 메커니즘이 사용된 것이 아닙니다.
* 예시 3과 4는 ""수입"" 메커니즘의 예시로 적용 가능합니다."
자리 차지하기 (King of the Hill),https://www.divedice.net/kor/board/wiki?viewMode=view&ca=%EB%A9%94%EC%BB%A4%EB%8B%88%EC%A6%98&sel_search=&txt_search=&orderby=&page=1&idx=943,"자리 차지하기 메커니즘이 있는 게임에서, 게임판의 특정 구간이나 자리를 차지하고 있는 플레이어는 이에 대한 점수 혹은 특별한 이득을 얻습니다. 그 자리를 얼마나 오랫동안 차지할 수 있을까요?"
자원 소모 이동 (Resource to Move),https://www.divedice.net/kor/board/wiki?viewMode=view&ca=%EB%A9%94%EC%BB%A4%EB%8B%88%EC%A6%98&sel_search=&txt_search=&orderby=&page=1&idx=1001,"플레이어들은 자원을 소모하여 이동합니다.
보통 연료를 사용하지만, 어떤 게임에서는 돈이나 다른 재화를 사용하는 경우도 있습니다. "
재굴림과 잠금 (Re-rolling and Locking),https://www.divedice.net/kor/board/wiki?viewMode=view&ca=%EB%A9%94%EC%BB%A4%EB%8B%88%EC%A6%98&sel_search=&txt_search=&orderby=&page=1&idx=998,"게임에서 주사위를 재굴림하거나, 재굴림을 방지하기 위해 잠글 수 있습니다. 
Yahtzee와 Cosmic Wimpout이 이 메커니즘의 초기 예시입니다. 더 많은 최근 게임들이 ""잠금""의 요소를 포함하고 있는데, 어떤 주사위들은 다시 굴리는 것이 금지됩니다. Zombie Dice와 Escape: The Curse of the Temple에 이런 예시가 있습니다. "
종이와 펜 (Paper-and-Pencil),https://www.divedice.net/kor/board/wiki?viewMode=view&ca=%EB%A9%94%EC%BB%A4%EB%8B%88%EC%A6%98&sel_search=&txt_search=&orderby=&page=1&idx=975,"이 메커니즘 게임은 종이와 펜을 사용하여 게임이 진행되는 동안 게임 내에서 발생한 반응이나 특성을 기록하고 저장하기 위해 개발되었고, 게임이 끝날 때 점수를 기록하고 승자를 결정합니다. 
종이 시트에 점수를 기록하기 위해서만 종이와 펜을 사용하는 게임은 종이와 펜 메커니즘 게임이 아닙니다. "
죄수의 딜레마 (Prisoner's Dilemma),https://www.divedice.net/kor/board/wiki?viewMode=view&ca=%EB%A9%94%EC%BB%A4%EB%8B%88%EC%A6%98&sel_search=&txt_search=&orderby=&page=1&idx=992,"각 플레이어는 협력할지, 배신할지를 선택합니다. 두 플레이어가 모두 협력했을 때 얻는 총 보상이 가장 크지만, 한 명이 배신하고 한 명이 협력을 택한다면 배신자는 혼자 큰 보상을 얻게 됩니다. "
주도권 싸움 (Tug of War),https://www.divedice.net/kor/board/wiki?viewMode=view&ca=%EB%A9%94%EC%BB%A4%EB%8B%88%EC%A6%98&sel_search=&txt_search=&orderby=&page=1&idx=1034,"마커가 중립 위치에서 시작해 트랙에서 앞뒤로 이동합니다. 
Twilight Struggle에서는 승리를 결정하는 방법으로 이를 사용합니다. 또한 어떤 플레이어가 트랙의 끝에 다다르면 바로 종료되는 단판 승리 메커니즘을 표시하기 위해 사용합니다. 
Churchill에서는 3명의 플레이어 사이의 주도권 싸움을 표시합니다. 이는 게임 중에 논의된 논점들을 해결하기 위해 사용됩니다. "
주사위 굴림 (Dice Rolling),https://www.divedice.net/kor/board/wiki?viewMode=view&ca=%EB%A9%94%EC%BB%A4%EB%8B%88%EC%A6%98&sel_search=&txt_search=&orderby=&page=1&idx=913,"주사위 굴림은 많은 용도로 사용할 수 있는 메커니즘으로, 가장 명확하게는 무작위성을 주기 위해 사용합니다. 
전쟁 게임에서 주사위 굴림은 다양한 표와 함께 사용되는데, 특히 양쪽의 힘과 주사위 굴림(6면체 1개, 6면체 2개, 10면체 1개가 가장 일반적입니다)에 따른 결과를 도출해내는 전투 결과표(비율 또는 격차에 따른 결과를 표시한)가 대표적입니다. "
주사위 기호 해결 (Dice Icon Resolution),https://www.divedice.net/kor/board/wiki?viewMode=view&ca=%EB%A9%94%EC%BB%A4%EB%8B%88%EC%A6%98&sel_search=&txt_search=&orderby=&page=1&idx=914,"플레이어들은 사건이나 분쟁을 해결하기 위해 특별 제작 주사위를 굴립니다. 결과가 특정 기호와 일치해야 성공합니다. 
이 메커니즘은 주사위를 굴린 후에 어떤 결과의 주사위든 행동을 위해 사용할 수 있는 롤 포더 갤럭시에서 사용되는 주사위 일꾼으로 일꾼 놓기와는 다릅니다. "
주사위로 일꾼 놓기 (Worker Placement with Dice Workers),https://www.divedice.net/kor/board/wiki?viewMode=view&ca=%EB%A9%94%EC%BB%A4%EB%8B%88%EC%A6%98&sel_search=&txt_search=&orderby=&page=1&idx=1048,일꾼들이 그 눈금에 따라 게임에 영향을 미치는 주사위로 표시됩니다.
주식 보유 (Stock Holding),https://www.divedice.net/kor/board/wiki?viewMode=view&ca=%EB%A9%94%EC%BB%A4%EB%8B%88%EC%A6%98&sel_search=&txt_search=&orderby=&page=1&idx=1024,"주식 보유 게임은 ""투자(Investment)"" 게임의 하위 카테고리로, 플레이어들이 회사, 상품, 국가와 같은 전체 자산의 규정된 지분을 구매하거나 팔 수 있는 게임입니다. 주식 보유로 ""소유(Ownership)""의 특권을 얻을 수도 있습니다. 
유명한 예시로 Aquire를 들 수 있습니다. Aquire에서 플레이어들은 회사의 주식을 사고, 회사가 팔리기 전에 성장했다면 이득을 얻을 수 있습니다. Imperial에서 플레이어들은 유럽 국가들의 채권을 구매할 수 있는데, 채권은 배당금과 게임 종료시의 점수를 줄 뿐만 아니라, 플레이어가 가장 많은 채권을 가지고 있는 사람이라면 국가의 행동을 결정할 수 있는 권한마저 줍니다. "
준협력 게임 (Semi-Cooperative Game),https://www.divedice.net/kor/board/wiki?viewMode=view&ca=%EB%A9%94%EC%BB%A4%EB%8B%88%EC%A6%98&sel_search=&txt_search=&orderby=&page=1&idx=1011,"게임 내에서 각 플레이어들이 공통 목표를 달성하기 위해 협력하면서 동시에 경쟁하기도 하는 게임을 말합니다. 준협력게임으로 분류되려면 종료 조건에 아래 두 요소가 있어야 합니다. 
A) 한 명 이상의(그러나 모두는 아닌) 플레이어가 같이 승리할 수 있어야 합니다.
B) 아무도 이기지 못하는 경우가 있어야 합니다. 
플레이어들이 때때로 협력하지만 때로는 경쟁하여, 한 사람이 결국 승리하는 게임은 준협력게임이 아닙니다. 이러한 게임은 ""협상(Negotiation)"" 메커니즘을 사용한 경쟁 게임입니다. "
지도 변형 (Map Deformation),https://www.divedice.net/kor/board/wiki?viewMode=view&ca=%EB%A9%94%EC%BB%A4%EB%8B%88%EC%A6%98&sel_search=&txt_search=&orderby=&page=1&idx=954,"게임을 진행하는 동안 회전 또는 밀기 등의 방법으로 지도가 변형됩니다.
<Wiz-War(1983)>나 <Dungeon Twister(2004)> 같은 게임이 이 메커니즘을 사용한 사례입니다."
지도 조각 (Pieces as Map),https://www.divedice.net/kor/board/wiki?viewMode=view&ca=%EB%A9%94%EC%BB%A4%EB%8B%88%EC%A6%98&sel_search=&txt_search=&orderby=&page=1&idx=987,"각 조각들은 전체 지도를 구성합니다. 
이 게임은 맵 구성요소가 놓인 후에도 여전히 '조각'으로 남아 게임 메커니즘의 대표성을 가진다는 측면에서 ""타일 놓기(Tile Placement)"" 메커니즘과 구별됩니다. 
초기 게임들로는 Hive와 Maelstrom이 있습니다."
지도 추가 (Map Addition),https://www.divedice.net/kor/board/wiki?viewMode=view&ca=%EB%A9%94%EC%BB%A4%EB%8B%88%EC%A6%98&sel_search=&txt_search=&orderby=&page=1&idx=952,새로운 영역을 탐험하면서 지도가 추가됩니다. <Mississippi Queen(1997)>이나 <Eclipse(2011)> 같은 게임이 해당됩니다.
지도 추가 (Map Addtion),https://www.divedice.net/kor/board/wiki?viewMode=view&ca=%EB%A9%94%EC%BB%A4%EB%8B%88%EC%A6%98&sel_search=&txt_search=&orderby=&page=1&idx=953,새로운 영역을 탐험하면서 지도가 추가됩니다. <Mississippi Queen(1997)>이나 <Eclipse(2011)> 같은 게임이 해당됩니다.
지도 축소 (Map Reduction),https://www.divedice.net/kor/board/wiki?viewMode=view&ca=%EB%A9%94%EC%BB%A4%EB%8B%88%EC%A6%98&sel_search=&txt_search=&orderby=&page=1&idx=955,"게임이 진행되면서, 지도가 줄어듭니다.
<Isolation(1972)>, <Survive: Escape from Atlantis!(1982)>, <The Sinking of the Titanic(1975)>같은 게임이 해당됩니다."
지역 내 충돌 (Area-Impulse),https://www.divedice.net/kor/board/wiki?viewMode=view&ca=%EB%A9%94%EC%BB%A4%EB%8B%88%EC%A6%98&sel_search=&txt_search=&orderby=&page=1&idx=876,"한 차례 안에 충돌이 벌어지면, 그 차례는 플레이어들이 반복적으로 주고 받는 더 작은 차례로 나누어집니다.
이 작은 차례들은 관련된 모든 플레이어가 패스할 때까지 반복해서 진행됩니다(어떤 경우에는 차례 종료 주사위 굴림으로 인해 한 명 이상의 플레이어가 아직 할 거리가 남았는 데도 충돌이 끝나버리기도 합니다).
이러한 충돌 속에서, 여러 유닛들은 소진되기 전까지 특정한 그룹 단위로 활성화되고 행동합니다.
하지만, ""리더""로부터 반경 내에 있는 유닛들이 한 그룹으로 묶여 활성화되는 것이 아니라, 특정 ""지역""에 있는 유닛 단위로 활성화됩니다. (따라서 이러한 충돌 시스템을 적용하기 위해서는 단순한 육각형 지형이 아닌 정해진 ""지역""이 필요합니다. )
이때, ""지역""은 한 충돌에서 활성화되는 유닛의 범위를 정의하기 위해 존재하는 개념입니다. (또한 그 충돌 내에서 어떠한 공격 및 이동이 가능하고 불가능한지를 제한하는 역할도 합니다.)
그러므로, 충돌이 벌어질 때, (전통적으로 사용되어 왔던) 내 유닛 다 쓴 다음에 네 유닛 다 쓰는 방식 대신에, 각 플레이어마다 그 플레이어의 유닛들로 이루어진 각 그룹별로 한 번씩 번갈아가며 활성화됩니다.
마지막으로, 다음 턴의 충돌이 시작되기 전에, 소진된 유닛들은 초기화되어 활동할 수 있는 권리를 다시 획득합니다."
지역 우선권 / 영향력 (Area Majority / Influence),https://www.divedice.net/kor/board/wiki?viewMode=view&ca=%EB%A9%94%EC%BB%A4%EB%8B%88%EC%A6%98&sel_search=&txt_search=&orderby=&page=1&idx=874,"여러 플레이어들이 특정 지역을 소유하고 해당 지역에 있는 자신의 비례 영향력에 기반하여 이득을 얻을 수 있습니다. 
예를 들어 엘 그란데에서 플레이어들은 특정 지역에 자신의 까라벨로(caballero)를 가장 많이 놓음으로써 지역 점수를 얻습니다."
지역 이동 (Area Movement),https://www.divedice.net/kor/board/wiki?viewMode=view&ca=%EB%A9%94%EC%BB%A4%EB%8B%88%EC%A6%98&sel_search=&txt_search=&orderby=&page=1&idx=875,"게임판이 반복 영역과 반복되지 않는 영역, 규칙적인 영역과 불규칙적인 간격으로 나뉘어 인접성과 이동을 결정합니다. "
지연된 구매 (Delayed Purchase),https://www.divedice.net/kor/board/wiki?viewMode=view&ca=%EB%A9%94%EC%BB%A4%EB%8B%88%EC%A6%98&sel_search=&txt_search=&orderby=&page=1&idx=912,"구매한 물품이 바로 게임에 들어오지 않고, 미래의 차례에 들어옵니다. 
이 메커니즘의 예시로는 도미니언이 있는데, 도미니언에서 구매한 카드는 버린 카드 더미로 갑니다. World in Flames에서는 ""생산 나선""을 사용하여 구매한 부대, 비행기, 함대는 그것을 건조하는데 얼마나 걸리냐에 따라 몇 달 뒤(또는 몇 년 뒤)에 게임에 들어옵니다."
지점 이동 (Point to Point Movement),https://www.divedice.net/kor/board/wiki?viewMode=view&ca=%EB%A9%94%EC%BB%A4%EB%8B%88%EC%A6%98&sel_search=&txt_search=&orderby=&page=1&idx=990,"지점 이동 메커니즘을 선택한 보드게임의 게임판에는 마커나 피규어를 놓을 수 있는 특정한 장소, 예를 들어 도시같은 곳이 있습니다. 이러한 지점들은 보통 선으로 연결되어 있고 이동은 이러한 선을 따라 이루어집니다. 두 지점이 단순히 옆에 있거나 가깝다는 것으로 연결된 것이 아닙니다. 두 지점 사이에 연결된 선이 없다면 상호 지점으로 직접 이동할 수는 없습니다. 
지점 이동 방식의 예시: Nine Men's Morris, Kensington, Friedrich.
지점 이동 방식의 직관적이지 않은 예시: Risk. Risk는 Axis & Allies와 같은 지역 이동 방식의 게임이지만, 지점 이동 방식도 포함하고 있습니다. 이는 일반적으로는 이동할 수 없는 물 지역을 관통하여 다양한 지역 사이를 연결하는 선 때문입니다(예시: 그린란드, 일본, 아이슬란드, 마다가스카르 등).
Tokaido나 Jamaica같이 순차적으로 위치를 표현하는 트랙이나 순환선 사이를 이동하는 하는 것은 ""트랙 이동(Track Movement)"" 메커니즘으로 분류해야 합니다. "
차례 순서 : 경매 (Turn Order : Auction),https://www.divedice.net/kor/board/wiki?viewMode=view&ca=%EB%A9%94%EC%BB%A4%EB%8B%88%EC%A6%98&sel_search=&txt_search=&orderby=&page=1&idx=1035,플레이어들은 차례 순서를 결정하기 위해 입찰합니다. 다양한 경매 방법이 사용될 수 있습니다. 
차례 순서 : 능력치 기반 (Turn Order : Stat-Based),https://www.divedice.net/kor/board/wiki?viewMode=view&ca=%EB%A9%94%EC%BB%A4%EB%8B%88%EC%A6%98&sel_search=&txt_search=&orderby=&page=1&idx=1041,"각 라운드의 차례 순서는 게임 내에서 플레어어들의 자원 또는 위치에 기반하여 결정됩니다. 일반적인 방법은 현재 점수 순서에 따라 차례 순서를 결정하는 것입니다(""일등 따라잡기(Catch the Leader)"" 메커니즘처럼). "
차례 순서 : 무작위 (Turn Order : Random),https://www.divedice.net/kor/board/wiki?viewMode=view&ca=%EB%A9%94%EC%BB%A4%EB%8B%88%EC%A6%98&sel_search=&txt_search=&orderby=&page=1&idx=1039,"게임 말이나 플레이어를 표시하는 물건을 무작위로 섞은 후, 차례를 진행할 때 하나를 뽑습니다. 그 플레이어 또는 말이 차례를 진행합니다. 그러고 나서 (차례를 마치면) 새로 뽑습니다. "
차례 순서 : 순서 진행 (Turn Order : Progressive),https://www.divedice.net/kor/board/wiki?viewMode=view&ca=%EB%A9%94%EC%BB%A4%EB%8B%88%EC%A6%98&sel_search=&txt_search=&orderby=&page=1&idx=1038,"한 플레이어가 시작 플레이어 토큰을 가집니다. 라운드가 끝날 때, 토큰이 왼쪽 플레이어에게 넘어갑니다. 그 플레이어가 다음 라운드의 시작 플레이어가 됩니다. 라운드 중에 플레이어들은 시계 방향 순서대로 차례를 가집니다. 
반시계 방향으로 순서가 진행될 때는 ""역순서 진행""라고 부릅니다. 해당 방법도 이 메커니즘에 포함됩니다. "
차례 순서 : 역할 순서 (Turn Order : Role Order),https://www.divedice.net/kor/board/wiki?viewMode=view&ca=%EB%A9%94%EC%BB%A4%EB%8B%88%EC%A6%98&sel_search=&txt_search=&orderby=&page=1&idx=1040,"플레이어들은 비밀리에, 그리고 동시에 행동, 역할, 우선권을 선택합니다. 그리고 이를 공개하고, 공개된 행동이나 역할에 따라 어떤 플레이어가 먼저 행동할지를 결정합니다. "
차례 순서 : 패스 순서 (Turn Order : Pass Order),https://www.divedice.net/kor/board/wiki?viewMode=view&ca=%EB%A9%94%EC%BB%A4%EB%8B%88%EC%A6%98&sel_search=&txt_search=&orderby=&page=1&idx=1037,"자신의 차례에, 플레이어들은 행동하거나 패스를 선언할 수 있습니다. 가장 먼저 패스를 선언한 플레이어가 다음 라운드의 시작 플레이어가 됩니다. 다음으로 패스를 선언한 플레이어는 다음 라운드의 두 번째 플레이어가 됩니다. 이렇게 패스를 선언한 순서대로 다음 라운드의 순서를 결정합니다. 후순위 플레이어가 더 유리할 때는, 패스 순서와 차례 순서를 뒤집는 것도 가능합니다. "
차례 순서 : 획득 행동 (Turn Order : Claim Action),https://www.divedice.net/kor/board/wiki?viewMode=view&ca=%EB%A9%94%EC%BB%A4%EB%8B%88%EC%A6%98&sel_search=&txt_search=&orderby=&page=1&idx=1036,"각 라운드에 시작 플레이어가 있고, 시작 플레이어부터 시계방향으로 차례를 가집니다. 이 때, 행동 중에 다음 라운드의 차례 순서를 결정할 수 있는(일반적으로 시작 플레이어가 되는 것이지만, 항상 그런것은 아닙니다) 행동이 있습니다. 아무도 이 행동을 하지 않는다면, 차례 순서는 바뀌지 않습니다. "
차례 잃기 (Lose a Turn),https://www.divedice.net/kor/board/wiki?viewMode=view&ca=%EB%A9%94%EC%BB%A4%EB%8B%88%EC%A6%98&sel_search=&txt_search=&orderby=&page=1&idx=950,"'차례 잃기'는 다양한 메커니즘을 포괄하는 메커니즘입니다. 다양한 차례 구조에 적용될 수 있는데, 차례를 잃은 플레이어는 반드시 자신의 다음 차례를 진행하지 않고 넘겨야 합니다. 이 플레이어는 다음 라운드 또는 다음 자신의 차례가 오기를 기다려야 합니다."
추리 (Deduction),https://www.divedice.net/kor/board/wiki?viewMode=view&ca=%EB%A9%94%EC%BB%A4%EB%8B%88%EC%A6%98&sel_search=&txt_search=&orderby=&page=1&idx=911,"플레이어들은 단서를 기반으로 해서 숨겨진 정보의 정체를 밝히기 위해 노력합니다. 
Clue와 Sleuth가 대표적인 예시입니다. "
충돌 이동 (Impulse Movement),https://www.divedice.net/kor/board/wiki?viewMode=view&ca=%EB%A9%94%EC%BB%A4%EB%8B%88%EC%A6%98&sel_search=&txt_search=&orderby=&page=1&idx=936,"한 차례는 일련의 작은 충돌로 나누어집니다. 자기 속도에 따라 유닛들은 특정한 충돌로 이동할 수 있습니다.
일찍이 이 메커니즘을 활용한 게임으로는 <Star Fleet Battles>가 있습니다."
치고받기 (Take That),https://www.divedice.net/kor/board/wiki?viewMode=view&ca=%EB%A9%94%EC%BB%A4%EB%8B%88%EC%A6%98&sel_search=&txt_search=&orderby=&page=1&idx=1028,"경쟁적인 전략으로 상대방의 승리를 향한 진행을 직접적으로 공격하지만, 상대방을 표현하는 캐릭터나 구성물을 게임에서 제거하지는 않는 형태의 게임입니다. 이 메커니즘은 상대방의 자원, 행동, 기술 등을 훔치거나, 무효화하거나, 강제로 버리게 하는 것을 포함합니다. 치고받기 메커니즘은 종종 비교적 짧은 기간에도 플레이어들의 세력 구도를 극적으로 뒤바꾸는 결과를 가져오기도 합니다. "
치명적 타격 및 실패 (Critical Hits and Failures),https://www.divedice.net/kor/board/wiki?viewMode=view&ca=%EB%A9%94%EC%BB%A4%EB%8B%88%EC%A6%98&sel_search=&txt_search=&orderby=&page=1&idx=907,"주사위를 굴리고, 지정된 숫자를 초과한 숫자는 성공으로 간주합니다. 어떤 눈금(보통 가장 높은 / 가장 낮은 눈)은 추가적인 성공이나 실패를 유발합니다. "
치트 뽑기 시스템 (Chit-Pull System),https://www.divedice.net/kor/board/wiki?viewMode=view&ca=%EB%A9%94%EC%BB%A4%EB%8B%88%EC%A6%98&sel_search=&txt_search=&orderby=&page=1&idx=896,"주로 워게임에서 전장에서 동시에 벌어지는 일들을 시뮬레이션하고 지휘 및 통제라는 문제를 구현하기 위한 수단으로 사용됩니다. 이러한 시스템에서는 활성 플레이어가 무작위로 ""치트(Chit : 조그만 종이 카운터의 일종)""를 뽑아서 현재 어떤 유닛 집단이 이동할 수 있는지 결정합니다. 이러한 시스템 하에서 활용되는 주요 기믹으로는 특정 리더가 지휘하는 아무 유닛 이동하기, 특정 훈련도의 유닛 이동하기, 유닛을 이동 대신 전투 목적으로 활성화하기 등이 있습니다.
Bolt Action이 이런 방식의 예입니다."
카드 사용식 분쟁 해결 (Card Play Conflict Resolution),https://www.divedice.net/kor/board/wiki?viewMode=view&ca=%EB%A9%94%EC%BB%A4%EB%8B%88%EC%A6%98&sel_search=&txt_search=&orderby=&page=1&idx=893,"각 플레이어는 동시에, 또는 연속적으로 1장 이상의 카드를 사용합니다. 이로 인해 분쟁의 기본 결과가 수정되며, 다양한 특수 능력이 사용될 수 있습니다.
""지역 우선권 / 영향력""과 비슷하지만 본 메커니즘은 한 분쟁을 해결하거나 보상을 줄 때 개별적으로 작동하며, 고정된 자산을 움직이는 데에 사용되지 않습니다.  ""Force Commitment""와도 비슷하지만, 그 메커니즘은 양을 산정할 수 있는 유동적 자산에 대해 주로 적용된다는 차이가 있습니다."
캠페인 / 전투 카드 드리븐 (Campaign / Battle Card Driven),https://www.divedice.net/kor/board/wiki?viewMode=view&ca=%EB%A9%94%EC%BB%A4%EB%8B%88%EC%A6%98&sel_search=&txt_search=&orderby=&page=1&idx=891,"캠페인/전투 카드 드리븐은 워게임 계에서 비교적 최근에 개발된 메커니즘으로, 각 플레이어가 가진 카드를 통해 플레이어가 행동을 수행합니다. 기본적으로는 행동을 한 번 수행할 때 카드를 한 장 사용하는 식입니다. 전투의 결과를 결정하기 위해 카드를 사용하는 게임들은 이 메커니즘을 사용한 것이 아니며, 오히려 ""카드 사용식 분쟁 해결"" 메커니즘에 가깝습니다."
큐브 탑 (Cube Tower),https://www.divedice.net/kor/board/wiki?viewMode=view&ca=%EB%A9%94%EC%BB%A4%EB%8B%88%EC%A6%98&sel_search=&txt_search=&orderby=&page=1&idx=908,"탑에서 다양한 색깔의 큐브를 떨어뜨려 어떤 색깔이 바닥에 떨어졌는지를 확인함으로써 행동을 해결합니다. 바닥에 나오지 않는 큐브들은 미래 행동에 나오거나, 그에 영향을 미칠 것입니다. 
Wallenstein이 이러한 게임들의 초기 예시입니다.
이 메커니즘은 큐브를 떨어뜨리지만, 탑이 단순히 공개될 때까지 큐브를 숨기는 역할만을 하는 엘 그란데의 카스티요와는 다릅니다.  "
크레용 레일 시스템 (Crayon Rail System),https://www.divedice.net/kor/board/wiki?viewMode=view&ca=%EB%A9%94%EC%BB%A4%EB%8B%88%EC%A6%98&sel_search=&txt_search=&orderby=&page=1&idx=906,"크레용 레일 시스템은 ""경로와 네트워크 건설""의 하위 카테고리입니다. 이 종류의 게임들은 크레용이나 다른 비영구적인 방법으로 게임판에 선을 긋고, 종종 지울 수도 있습니다. 가장 유명한 크레용 레일 게임은 Empire Builder 시스템의 한 부분입니다."
클라이밍 (Ladder Climbing),https://www.divedice.net/kor/board/wiki?viewMode=view&ca=%EB%A9%94%EC%BB%A4%EB%8B%88%EC%A6%98&sel_search=&txt_search=&orderby=&page=1&idx=944,"첫 번째 플레이어가 카드를 한 장, 혹은 서로 연관된 규칙이 있는 카드를 여러 장 내려 놓습니다. 이어서 그 다음 플레이어부터는 앞에서 내려 놓은 카드와 규칙은 동일하지만, 가치는 같거나 더 높은 카드를 내려 놓아야 합니다. 이 규칙에 따라 가장 가치가 높은 카드를 내려 놓은 플레이어가 다음 클라이밍 라운드에서 첫 번째 플레이어가 되어, 카드를 어떤 규칙에 따라 내려 놓을지 결정할 수 있습니다.
클라이밍 메커니즘은 동아시아 고전 게임에서 유래했으며, 오늘날에는 <티츄>나 <달무티> 같은 게임에서 찾아볼 수 있습니다."
타일 놓기 (Tile Placement),https://www.divedice.net/kor/board/wiki?viewMode=view&ca=%EB%A9%94%EC%BB%A4%EB%8B%88%EC%A6%98&sel_search=&txt_search=&orderby=&page=1&idx=1033,"타일 놓기 게임은 점수를 얻거나 능력을 발동하기 위해 타일 조각을 놓는 것이 특징입니다. 이러한 점수나 능력은 타일의 집합 또는 인접한 타일들에 기반하여 발동합니다. 그리고 색상, 특징 완성, 타일 집합의 크기 같은 비공간적 특성도 참조합니다. 
타일 놓기 게임의 전통적인 예시로는 카르카손이 있습니다. 카르카손에서 플레이어들은 무작위로 타일을 뽑은 후, 그 타일을 다른 타일에 붙여서 놓고 방금 놓은 타일 위해 미플(meeple)을 놓을 수 있는 기회를 가집니다. "
통제 범위 (Zone of Control),https://www.divedice.net/kor/board/wiki?viewMode=view&ca=%EB%A9%94%EC%BB%A4%EB%8B%88%EC%A6%98&sel_search=&txt_search=&orderby=&page=1&idx=1050,"특정 칸에 인접한 유닛은 그 칸에서 상대 유닛이 이동 또는 공격 능력을 발휘하는데 영향을 줍니다. 
이 메커니즘은 The Russian Campaign.과 같은 전쟁 게임에서 매우 흔한 메커니즘입니다.  여러 변형들이 있습니다. ""Locking ZOCs""는 해당 유닛들이 얼어붙어 움직이지 못하며, ""Soft ZOCs""는 유닛들이 ZOC 사이를 움직일 수는 있지만, 불이익이 있습니다. 그 외에도 다른 변형들이 있습니다. "
투자 (Investment),https://www.divedice.net/kor/board/wiki?viewMode=view&ca=%EB%A9%94%EC%BB%A4%EB%8B%88%EC%A6%98&sel_search=&txt_search=&orderby=&page=1&idx=1025,"투자 게임에서 플레이어들은 기업 지분의 일부를 갖습니다. 
게임 메커니즘에 있어 투자와""소유(Ownership)"" 사이의 차이는, 플레이어가 투자를 통해 얻는 것이 다르다는 점에 있습니다. 투자 게임에서 일반적으로 플레이어는 자신의 투자를 통해 돈이나 점수를 얻을 뿐, 특수 행동을 얻을 수는 없습니다.
Acquire는 투자 메커니즘을 도입한 초기 작품입니다."
투표 (Voting),https://www.divedice.net/kor/board/wiki?viewMode=view&ca=%EB%A9%94%EC%BB%A4%EB%8B%88%EC%A6%98&sel_search=&txt_search=&orderby=&page=1&idx=1046,"플레이어들은 제안된 행동의 발생 여부에 대해서 투표합니다. 
이 메커니즘을 채용한 대부분의 게임에서 플레이어들은 한 표씩 행사합니다. 그러나 Junta같은 몇몇 게임에서는 플레이어들의 게임 위치나 투표가 행해지는 주제에 따라, 플레이어들에게 서로 다른 수의 투표권을 주기도 합니다. "
트랙 이동 (Track Movement),https://www.divedice.net/kor/board/wiki?viewMode=view&ca=%EB%A9%94%EC%BB%A4%EB%8B%88%EC%A6%98&sel_search=&txt_search=&orderby=&page=1&idx=979,"이 메커니즘 게임에서는 게임 말이 선형 트랙(꼭 직선일 필요는 없습니다. 곡선이거나, 뒤로 돌아가거나, 순환형태이기도 합니다) 사이에서 이동합니다. 
백개먼이나 Pachisi의 파생형 같은 고전 게임이나, 현대 보드게임 중에서는 Lewis & Clark: The Expedition이나 생쥐 만세 같은 게임이 그 예시입니다. 
Tokaido나 Jamaica같은 단순한 변형이나, Flamme Rouge, Downforce, Monza와 같은 경주 게임의 제한된 너비의 트랙 등도 이 메커니즘에 포함됩니다. "
트릭테이킹 (Trick-tacking),https://www.divedice.net/kor/board/wiki?viewMode=view&ca=%EB%A9%94%EC%BB%A4%EB%8B%88%EC%A6%98&sel_search=&txt_search=&orderby=&page=1&idx=982,"플레이어들은 몇 번의 라운드 동안 손에 있는 카드를 테이블 위에 놓습니다. 그리고 이렇게 만들어진 각 ""트릭""을 개별적으로 평가하여 승자를 결정하거나 다른 잠재적 효과를 적용합니다. 
트릭을 얻는 가장 일반적인 방법은 이번 라운드에 가장 먼저 놓인(리드 수트) 수트의 가장 높은 가치의 카드를 내는 것입니다. 그러나 많은 고전 카드게임들은 ""트럼프"" 시스템을 사용합니다(특정 카드나, 보통 지정된 수트를 가진 카드가 놓이면, 트릭을 가져가는 시스템입니다. 가끔 트럼프 수트를 결정하기 위해 입찰 라운드를 가지는 경우도 있습니다. 
많은 트릭테이킹 게임(전부는 아닙니다)에서 플레이어들은 ""이어지는 수트""를 내야하는데, 보통 가지고 있다면 리드 슈트의 카드를 내야합니다. 맞는 카드가 없다면, 손에 있는 다른 카드를 내야합니다. "
팀전 게임 (Team-Based Game),https://www.divedice.net/kor/board/wiki?viewMode=view&ca=%EB%A9%94%EC%BB%A4%EB%8B%88%EC%A6%98&sel_search=&txt_search=&orderby=&page=1&idx=1030,"팀전 게임에서 플레이어들의 팀은 승리를 얻기 위해 다른 팀과 경쟁합니다. 사용가능한 팀의 구조는 다양한데,  2:2나 3:3처럼 대칭적인 팀일수도 있고, 2:2:2 처럼 다중 상대 구조일 수도 있으며, 1대 다수인 경우도 있습니다. "
패턴 구축 (Pattern Building),https://www.divedice.net/kor/board/wiki?viewMode=view&ca=%EB%A9%94%EC%BB%A4%EB%8B%88%EC%A6%98&sel_search=&txt_search=&orderby=&page=1&idx=977,"플레이어들은 ""퍼즐(Puzzle)"" 카테고리의 게임에서와 같이, 점수를 얻고 행동을 발동시키기 위해 정교한 패턴으로 게임 구성물을 설정해야 합니다. 
아줄은 이 메커니즘을 사용해 디자인된 현대 게임입니다. ""타일 놓기(Tile Placement)""의 메커니즘은 일반적으로 타일을 연결하여 '특징 완성'을 하기에, 패턴 구축 메커니즘을 포함하는 것으로 볼 수도 있습니다. "
패턴 이동 (Pattern Movement),https://www.divedice.net/kor/board/wiki?viewMode=view&ca=%EB%A9%94%EC%BB%A4%EB%8B%88%EC%A6%98&sel_search=&txt_search=&orderby=&page=1&idx=983,"기물들이 특별한 패턴에 따라 게임판 격자에서 이동합니다. 
체스나 장기같은 클래식 게임들이 이 메커니즘을 사용합니다. 현대 보드게임 중에서는 Duke가 대표적입니다."
패턴 인식 (Pattern Recognition),https://www.divedice.net/kor/board/wiki?viewMode=view&ca=%EB%A9%94%EC%BB%A4%EB%8B%88%EC%A6%98&sel_search=&txt_search=&orderby=&page=1&idx=984,"플레이어들은 이미 알려졌거나 게임 구성물로 새로이 만들어진 패턴을 인지하여 목적을 달성하고 게임에서 승리해야 합니다. 예를 들어 보통 색상이나 기호를 가진 마커가 보드판에 특정 위치에 놓이거나, 다른 마커와 연결되어 추상적이고 의미 있는 패턴을 형성합니다. 플레이어들은 이 패턴의 의미를 결정하기 위해 연역적 추론을 해야합니다. "
편향 (Bias),https://www.divedice.net/kor/board/wiki?viewMode=view&ca=%EB%A9%94%EC%BB%A4%EB%8B%88%EC%A6%98&sel_search=&txt_search=&orderby=&page=1&idx=888,"구성물이 한 방향을 따라 자동으로 이동하는 메커니즘, 또는 특정 방향으로 이동하는 것이 다른 방향보다 더 용이한 메커니즘.
대개 바람(Yacht Race), 해류(Primordial Soup), 중력(Demon's Run), 컨베이어 벨트(RoboRally) 등의 환경적 요소들을 표현하는데 사용됩니다."
포획 (Static Capture),https://www.divedice.net/kor/board/wiki?viewMode=view&ca=%EB%A9%94%EC%BB%A4%EB%8B%88%EC%A6%98&sel_search=&txt_search=&orderby=&page=1&idx=1023,게임 말이 있는 칸에 다른 말이 들어오거나 지나가면서 해당 말을 포획할 수 있는 게임입니다.
프로그램된 이동 (Programmed Movement),https://www.divedice.net/kor/board/wiki?viewMode=view&ca=%EB%A9%94%EC%BB%A4%EB%8B%88%EC%A6%98&sel_search=&txt_search=&orderby=&page=1&idx=993,"플레이어들은 동시에 이동 계획을 프로그램합니다. 그 후 동시에 공개하고 실행합니다. 이 방식은 게임을 혼돈으로 끌고가는 경향이 있습니다. 공간과 순서를 잘 파악하는 사람들이 유리합니다. 
이 메커니즘은 ""행동 대기열(Action Queue)"" 메커니즘에서 특화되어 분화된 메커니즘입니다. 
Robo Rally는 이 메커니즘을 사용한 게임의 좋은 예입니다. "
플레이어 심판 (Player Judge),https://www.divedice.net/kor/board/wiki?viewMode=view&ca=%EB%A9%94%EC%BB%A4%EB%8B%88%EC%A6%98&sel_search=&txt_search=&orderby=&page=1&idx=989,"한 플레이어가 심판관이 되어 행동의 결과를 결정합니다.
보통 파티게임에서 흔히 쓰이는 메커니즘입니다. 예시: Apples to Apples나 Cards Against Humanity."
플레이어 탈락 (Player Elimination),https://www.divedice.net/kor/board/wiki?viewMode=view&ca=%EB%A9%94%EC%BB%A4%EB%8B%88%EC%A6%98&sel_search=&txt_search=&orderby=&page=1&idx=988,"플레이어들이 게임에서 탈락할 수 있습니다. 탈락한 플레이어는 더 이상 게임에 참여할 수 없습니다. 
몇몇 게임에서는 탈락한 플레이어의 소지품도 게임에서 함께 제거됩니다; 다른 게임들에서는 여전히 중립 물품으로 남는 경우도 있습니다(예시: 탈락한 플레이어의 군대와 도시가 제거되는 경우도 있지만, 탈락한 후 중립 군대와 도시로 남는 경우도 있습니다).
대부분의 게임에서 탈락한 플레이어는 이길 수 없지만, 꼭 그런 것만은 아닙니다(예시: 점수로 승자를 결정하는 일부 게임에서는 탈락한 플레이어의 점수도 세는 경우가 있습니다). 
플레이어 탈락이 있는 대부분의 게임에서 플레이어들은 본의아니게 탈락합니다. 하지만 몇몇 게임에서는 자의로 탈락을 선택하는 경우도 있습니다(승리를 취하기 위해 충분한 점수를 얻었다고 생각하는 경우, 예시:  Wooly Wars)
어떤 게임에서는 플레이어 탈락이 가능하지만, 실제로는 매우 드물고 일반적인 플레이에서는 거의 발생하지 않습니다(예시: 에이지 오브 스팀).
어떤 게임에서는 플레이어 탈락이 흔합니다. 극단적인 게임에서는 한 사람 빼고 전부(유일한 생존자 = 궁극적 승자) 탈락합니다(예시: Titan). 많은 플레이어 탈락 게임에서 일부 플레이어들이 탈락하지만, 그 외의 여럿이 살아남은 채로 게임이 끝납니다(예시: Werewolf와 뱅!)
플레이어 탈락 메커니즘에는 상대방을 패배시키는 것이 목적인 2인 게임은 포함되지 않습니다(예시: 체스)"
플리킹 (Flicking),https://www.divedice.net/kor/board/wiki?viewMode=view&ca=%EB%A9%94%EC%BB%A4%EB%8B%88%EC%A6%98&sel_search=&txt_search=&orderby=&page=1&idx=922,플리킹 게임은 플레이어가 물리적으로 행동을 수행하여 그 행위에 따르는 결과를 만들어내는 게임입니다.
합쳐서 펼치기 (Melding and Splaying),https://www.divedice.net/kor/board/wiki?viewMode=view&ca=%EB%A9%94%EC%BB%A4%EB%8B%88%EC%A6%98&sel_search=&txt_search=&orderby=&page=1&idx=959,"서로 연관이 있는 카드를 모아 합치고 이를 펼쳐놓거나 겹쳐 놓는 방식입니다. 이 과정에서 어떤 카드가 다른 카드에 의해 카드의 특정 부분이 가려지거나 공개되는 식으로 특정한 능력이나 효과 가려지거나 공개될 수 있습니다.
트럼프 카드로 하는 게임은 카드를 조합해 탁자 위에 내려놓아 점수를 얻는 방식이 많습니다. <Innovation>은 옆으로 카드를 펼치는 방식의 좋은 예시입니다. 플레이어들은 특정한 기호를 가진 카드를 늘려 놓으며 능력을 강화합니다."
핸드 관리 (Hand Management),https://www.divedice.net/kor/board/wiki?viewMode=view&ca=%EB%A9%94%EC%BB%A4%EB%8B%88%EC%A6%98&sel_search=&txt_search=&orderby=&page=1&idx=928,"핸드 관리 게임은 게임에서 카드를 가지고 특정한 배열 또는 그룹의 카드를 사용하고 플레이어가 그에 대해 혜택을 받는 게임입니다. 이상적인 배열/그룹은 게임판 위치, 손에 든 카드나 상대방이 사용한 카드에 따라 달라질 수 있습니다. 자신의 핸드를 관리한다는 것은 주어진 상황에서 사용 가능한 카드를 통해 높은 가치를 얻는 것을 의미합니다. 게임에서 카드는 보통 다양하게 쓰일 수 있어 ‘최적’의 배열이 무엇인지 애매하게 만듭니다.
핸드 관리는 행동/신체를 이용한 기능과 관련이 없습니다."
행동 / 사건 (Action / Event),https://www.divedice.net/kor/board/wiki?viewMode=view&ca=%EB%A9%94%EC%BB%A4%EB%8B%88%EC%A6%98&sel_search=&txt_search=&orderby=&page=1&idx=871,"각자의 차례에 플레이어들은 행동 포인트와 사건이 같이 표시된 카드를 사용합니다. 카드를 사용한 플레이어는 행동 포인트를 사용할지 사건을 시행할지 결정해야 합니다. 행동 포인트를 사용하기를 선택하면, 보통 사건은 다른 플레이어에게 일어납니다. "
행동 대기열 (Action Queue),https://www.divedice.net/kor/board/wiki?viewMode=view&ca=%EB%A9%94%EC%BB%A4%EB%8B%88%EC%A6%98&sel_search=&txt_search=&orderby=&page=1&idx=784,"플레이어들은 행동 순서대로 열을 만들고 그 순서대로 행동을 수행합니다. 대기열은 모든 작업이 순서대로 시행되는 ""집단"" 대기열이거나, 열 끝에 새로운 작업이 주가될 때 첫 번째 행동이 시행되는 ""회전"" 대기열일 수 있습니다. 플레이어들은 각자가 행동 대기열을 가지고 있을 수도 있고, 플레이어 전체가 한 대기열을 공유할 수도 있습니다. 
Nuclear War는 회전 대기열 게임의 예입니다. Colt Express는 집단 대기열 게임의 예입니다. Impulse는 공유 회전 대기열 게임의 예입니다. 
어떤 게임들은 게임판에 인쇄하여 고정된 행동 대기열을 사용하기도 합니다. Bus나 도미넌트 스피시즈가 그 예입니다. 
오직 이동 행동에만 사용되는 행동 대기열은 ""계획 이동""이라고 부르는데, 별도의 항목을 가지고 있습니다. "
행동 드래프트 (Action Drafting),https://www.divedice.net/kor/board/wiki?viewMode=view&ca=%EB%A9%94%EC%BB%A4%EB%8B%88%EC%A6%98&sel_search=&txt_search=&orderby=&page=1&idx=782,"플레이어들은 공유된 풀 안에 있는 행동 모음 중에서 행동을 선택합니다. 사용 가능한 행동 수는 제한되어 있습니다. 어떤 플레이어가 한 행동을 선택했다면, 그 행동은 다시 선택될 수 없습니다. 
참고: 일꾼 놓기는 이 메커니즘에 포함되나, 일꾼 놓기  메커니즘을 채용한 게임은 이 곳 대신 일꾼 놓기로 분류되어 있습니다. "
행동 타이머 (Action Timer),https://www.divedice.net/kor/board/wiki?viewMode=view&ca=%EB%A9%94%EC%BB%A4%EB%8B%88%EC%A6%98&sel_search=&txt_search=&orderby=&page=1&idx=870,"플레이어들은 각자 소유한 타이머를 행동 칸에 놓고, 행동을 수행합니다. 타이머가 끝났을 때, 다른 위치로 이동하여 행동을 수행할 수 있습니다. 이 메커니즘을 채용한 게임에는 차례가 없습니다. 자신의 타이머가 만료된 후 언제든 타이머를 움직일 수 있습니다. "
행동 토큰 넘기기 (Passed Action Token),https://www.divedice.net/kor/board/wiki?viewMode=view&ca=%EB%A9%94%EC%BB%A4%EB%8B%88%EC%A6%98&sel_search=&txt_search=&orderby=&page=1&idx=976,"플레이어들은 하나 이상의 행동 토큰을 가집니다. 행동 토큰을 가진 플레이어들은 차례를 가질 수 있고, 차례를 한 후 토큰을 시계 방향으로 넘깁니다. 그럼 다른 플레이어가 행동을 할 수 있습니다. 행동은 실시간으로 수행됩니다. 차례에는 일시 정지나 체계가 없습니다.
보통, 지연을 막고 게임을 계속 진행하게 하기 위해, 게임 내에 여러 개의 행동 토큰이 있고, 여러 토큰들이 한 플레이어에게 멈춰있다면 그 플레이어는 벌칙을 받습니다. 
Camelot과 Diner가 대표적인 예입니다.  "
행동 포인트 (Action Points),https://www.divedice.net/kor/board/wiki?viewMode=view&ca=%EB%A9%94%EC%BB%A4%EB%8B%88%EC%A6%98&sel_search=&txt_search=&orderby=&page=1&idx=783,"각 플레이어들은 각자의 차례에 정해진 수의 행동 포인트를 받습니다. 플레이어들은 받은 포인트를 다양한 행동에 사용할 수 있습니다. 
보드게임 긱에 등재된 게임 중 행동 포인트 시스템을 사용하는 가장 오래된 게임은 Special Train(1948)입니다. "
행동 회수 (Action Retrieval),https://www.divedice.net/kor/board/wiki?viewMode=view&ca=%EB%A9%94%EC%BB%A4%EB%8B%88%EC%A6%98&sel_search=&txt_search=&orderby=&page=1&idx=869,"각 플레이어들은 사용 가능한 행동 모음을 가지고 있습니다. 이는 카드나 토큰, 또는 다른 방법으로 표현됩니다. 한번 행동을 시행하고 난 후, 해당 행동은 소모되며 회수하기 전까지는 다시 시행할 수 없습니다. 행동 회수는 보통 그 자체로 행동이거나, 차례 대신 사용할 수 있습니다."
협력 게임 (Cooperative Game),https://www.divedice.net/kor/board/wiki?viewMode=view&ca=%EB%A9%94%EC%BB%A4%EB%8B%88%EC%A6%98&sel_search=&txt_search=&orderby=&page=1&idx=905,협력 게임에서 플레이어들은 하나 또는 여러 개 주어진 공동의 승리 조건을 달성하기 위해 행동을 서로 잘 조율해야 합니다. 모든 플레이어는 함께 승리하거나 함께 패배합니다.
협상 (Negotiation),https://www.divedice.net/kor/board/wiki?viewMode=view&ca=%EB%A9%94%EC%BB%A4%EB%8B%88%EC%A6%98&sel_search=&txt_search=&orderby=&page=1&idx=970,"플레이어들은 단순한 거래를 넘어 행동 조정에 대해 합의합니다. 
합의는 구속력이 있을 수도 있고 없을 수도 있습니다. Diplomacy가 후자의 가장 대표적인 예입니다. "
후속 행동 (Follow),https://www.divedice.net/kor/board/wiki?viewMode=view&ca=%EB%A9%94%EC%BB%A4%EB%8B%88%EC%A6%98&sel_search=&txt_search=&orderby=&page=1&idx=923,"후속 행동 게임에서는 한 플레이어가 행동 하나를 합니다. 그 뒤 다른 플레이어들도 그 행동 또는 그 행동의 변형꼴 행동을 합니다. 이것은 ""행동 드래프트 (Action Drafting)"" 및 ""역할 선택(Role Selection)""과 밀접한 관련이 있으며, 이들 메커니즘과 곧잘 병행해서 등장합니다."